/data/1_1_7_1_280.png,547,585,594,623,rivet
/data/1_1_7_1_280.png,629,583,666,623,rivet
/data/1_1_7_1_280.png,707,587,751,623,rivet
/data/1_1_7_1_280.png,786,582,826,622,rivet
/data/1_1_7_1_280.png,869,580,906,617,rivet
/data/1_1_7_1_280.png,944,580,989,618,rivet
/data/1_1_7_1_280.png,1026,575,1067,612,rivet
/data/1_1_7_1_280.png,1106,573,1147,615,rivet
/data/1_1_7_1_280.png,1184,570,1226,605,rivet
/data/1_1_7_1_280.png,1271,564,1311,604,rivet
/data/1_1_7_1_280.png,1347,563,1394,602,rivet
/data/1_1_7_1_280.png,1426,557,1477,600,rivet
/data/1_1_7_1_280.png,1507,553,1566,603,rivet
/data/1_1_7_1_280.png,1599,555,1649,598,rivet
/data/1_1_7_1_280.png,1684,553,1734,595,rivet
/data/1_1_7_1_280.png,1777,550,1821,592,rivet
/data/1_1_7_1_280.png,1861,552,1894,590,rivet
/data/1_1_7_1_280.png,1951,550,1991,587,rivet
/data/1_1_7_1_280.png,2039,550,2074,587,rivet
/data/1_1_7_1_280.png,2122,548,2166,580,rivet
/data/1_1_7_1_280.png,2212,552,2256,590,rivet
/data/1_1_7_1_280.png,2297,548,2336,583,rivet
/data/1_1_7_1_280.png,716,657,754,698,rivet
/data/1_1_7_1_280.png,711,730,751,767,rivet
/data/1_1_7_1_280.png,709,800,754,848,rivet
/data/1_1_7_1_280.png,709,878,749,915,rivet
/data/1_1_7_1_280.png,711,947,756,987,rivet
/data/1_1_7_1_280.png,719,1018,752,1063,rivet
/data/1_1_7_1_280.png,716,1092,759,1138,rivet
/data/1_1_7_1_280.png,569,1181,601,1221,rivet
/data/1_1_7_1_280.png,639,1178,687,1217,rivet
/data/1_1_7_1_280.png,719,1183,761,1220,rivet
/data/1_1_7_1_280.png,797,1188,834,1217,rivet
/data/1_1_7_1_280.png,729,1257,772,1293,rivet
/data/1_1_7_1_280.png,731,1327,784,1368,rivet
/data/1_1_7_1_280.png,746,1398,781,1435,rivet
/data/1_1_7_1_280.png,751,1467,787,1498,rivet
/data/1_1_7_1_280.png,756,1535,799,1570,rivet
/data/1_1_7_1_280.png,766,1603,806,1633,rivet
/data/1_1_7_1_280.png,781,1658,819,1695,rivet
/data/1_1_7_1_280.png,862,1735,904,1773,rivet
/data/1_1_7_1_280.png,787,1748,822,1778,rivet
/data/1_1_7_1_280.png,934,1747,976,1778,rivet
/data/1_1_7_1_280.png,1011,1748,1051,1778,rivet
/data/1_1_7_1_280.png,1086,1748,1132,1780,rivet
/data/1_1_7_1_280.png,1161,1752,1207,1782,rivet
/data/1_1_7_1_280.png,1241,1747,1284,1782,rivet
/data/1_1_7_1_280.png,1321,1750,1361,1785,rivet
/data/1_1_7_1_280.png,1402,1752,1437,1782,rivet
/data/1_1_7_1_280.png,1477,1752,1519,1783,rivet
/data/1_1_7_1_280.png,1561,1748,1602,1790,rivet
/data/1_1_7_1_280.png,1639,1755,1682,1790,rivet
/data/1_1_7_1_280.png,1716,1750,1762,1790,rivet
/data/1_1_7_1_280.png,1796,1753,1844,1790,rivet
/data/1_1_7_1_280.png,1887,1755,1922,1787,rivet
/data/1_1_7_1_280.png,1972,1753,2002,1782,rivet
/data/1_1_7_1_280.png,2052,1758,2091,1788,rivet
/data/1_1_7_1_280.png,2127,1750,2172,1790,rivet
/data/1_1_7_1_280.png,2216,1753,2254,1780,rivet
/data/1_1_7_1_280.png,2299,1747,2342,1787,rivet
/data/1_1_7_1_280.png,881,1183,911,1218,rivet
/data/1_1_7_1_280.png,957,1180,994,1218,rivet
/data/1_1_7_1_280.png,1031,1182,1072,1220,rivet
/data/1_1_7_1_280.png,1116,1180,1151,1218,rivet
/data/1_1_7_1_280.png,1202,1187,1234,1217,rivet
/data/1_1_7_1_280.png,1284,1180,1317,1215,rivet
/data/1_1_7_1_280.png,1364,1185,1396,1215,rivet
/data/1_1_7_1_280.png,1441,1181,1481,1221,rivet
/data/1_1_7_1_280.png,1529,1180,1570,1218,rivet
/data/1_1_7_1_280.png,1614,1179,1654,1221,rivet
/data/1_1_7_1_280.png,1701,1179,1741,1216,rivet
/data/1_1_7_1_280.png,1785,1177,1831,1223,rivet
/data/1_1_7_1_280.png,1872,1177,1920,1223,rivet
/data/1_1_7_1_280.png,1958,1180,2003,1223,rivet
/data/1_1_7_1_280.png,2045,1176,2089,1222,rivet
/data/1_1_7_1_280.png,2130,1171,2175,1215,rivet
/data/1_1_7_1_280.png,2216,1178,2261,1221,rivet
/data/1_1_7_1_280.png,2302,1172,2358,1215,rivet
/data/1_1_7_1_280.png,2395,1172,2439,1213,rivet
/data/1_1_7_1_280.png,2484,1177,2522,1210,rivet
/data/1_1_7_1_280.png,2338,1254,2383,1300,rivet
/data/1_1_7_1_280.png,2339,1331,2373,1365,rivet
/data/1_1_7_1_280.png,2331,1402,2377,1442,rivet
/data/1_1_7_1_280.png,2332,1475,2374,1509,rivet
/data/1_1_7_1_280.png,2336,1543,2364,1569,rivet
/data/1_1_7_1_280.png,2333,1610,2373,1644,rivet
/data/1_1_7_1_280.png,2323,1675,2366,1713,rivet
/data/1_1_7_1_280.png,2320,1864,2358,1893,rivet
/data/1_1_7_1_280.png,2273,1893,2305,1926,rivet
/data/1_1_7_1_280.png,2318,1926,2350,1953,rivet
/data/1_1_7_1_280.png,2272,1956,2303,1983,rivet
/data/1_1_7_1_280.png,2314,1988,2347,2013,rivet
/data/1_1_7_1_280.png,2267,2018,2297,2041,rivet
/data/1_1_7_1_280.png,2304,2041,2344,2069,rivet
/data/1_1_7_1_280.png,2265,2078,2297,2101,rivet
/data/1_1_7_1_280.png,2304,2099,2342,2128,rivet
/data/1_1_7_1_280.png,2263,2124,2300,2154,rivet
/data/1_1_7_1_280.png,2383,1755,2415,1781,rivet
/data/1_1_7_1_280.png,2463,1748,2500,1776,rivet
/data/1_1_7_1_280.png,2543,1746,2575,1780,rivet
/data/1_1_7_1_280.png,2625,1743,2652,1779,rivet
/data/1_1_7_1_280.png,2709,1743,2740,1778,rivet
/data/1_1_7_1_280.png,2780,1741,2813,1770,rivet
/data/1_1_7_1_280.png,2858,1739,2897,1773,rivet
/data/1_1_7_1_280.png,2939,1738,2974,1770,rivet
/data/1_1_7_1_280.png,3020,1735,3054,1765,rivet
/data/1_1_7_1_280.png,3095,1728,3122,1765,rivet
/data/1_1_7_1_280.png,3169,1725,3202,1758,rivet
/data/1_1_7_1_280.png,2558,1172,2610,1220,rivet
/data/1_1_7_1_280.png,2648,1166,2688,1204,rivet
/data/1_1_7_1_280.png,2730,1168,2778,1216,rivet
/data/1_1_7_1_280.png,2816,1170,2862,1212,rivet
/data/1_1_7_1_280.png,2896,1164,2942,1206,rivet
/data/1_1_7_1_280.png,2976,1160,3018,1208,rivet
/data/1_1_7_1_280.png,3060,1160,3100,1202,rivet
/data/1_1_7_1_280.png,3138,1160,3186,1204,rivet
/data/1_1_7_1_280.png,3216,1164,3256,1198,rivet
/data/1_1_7_1_280.png,3298,1156,3344,1198,rivet
/data/1_1_7_1_280.png,3382,1158,3418,1192,rivet
/data/1_1_7_1_280.png,3456,1156,3496,1192,rivet
/data/1_1_7_1_280.png,3534,1148,3576,1194,rivet
/data/1_1_7_1_280.png,3242,1722,3280,1756,rivet
/data/1_1_7_1_280.png,2337,1089,2374,1124,rivet
/data/1_1_7_1_280.png,2335,1010,2374,1049,rivet
/data/1_1_7_1_280.png,2335,934,2373,971,rivet
/data/1_1_7_1_280.png,2337,860,2377,898,rivet
/data/1_1_7_1_280.png,2334,783,2373,820,rivet
/data/1_1_7_1_280.png,2334,711,2372,745,rivet
/data/1_1_7_1_280.png,2333,630,2372,665,rivet
/data/1_1_7_1_280.png,2389,546,2422,583,rivet
/data/1_1_7_1_280.png,2465,550,2507,588,rivet
/data/1_1_7_1_280.png,2556,550,2598,589,rivet
/data/1_1_7_1_280.png,2639,548,2684,584,rivet
/data/1_1_7_1_280.png,2724,547,2765,587,rivet
/data/1_1_7_1_280.png,2332,466,2375,499,rivet
/data/1_1_7_1_280.png,2325,390,2375,430,rivet
/data/1_1_7_1_280.png,2808,548,2850,589,rivet
/data/1_1_7_1_280.png,2885,543,2935,595,rivet
/data/1_1_7_1_280.png,2969,560,3008,587,rivet
/data/1_1_7_1_280.png,3054,558,3093,589,rivet
/data/1_1_7_1_280.png,3137,563,3168,589,rivet
/data/1_1_7_1_280.png,3212,560,3262,601,rivet
/data/1_1_7_1_280.png,3301,559,3336,592,rivet
/data/1_1_7_1_280.png,3376,554,3408,590,rivet
/data/1_1_7_1_280.png,3453,558,3492,596,rivet
/data/1_1_7_1_280.png,3534,560,3570,592,rivet
/data/1_1_7_1_280.png,3613,558,3657,593,rivet
/data/1_1_7_1_280.png,3722,561,3761,593,rivet
/data/1_1_7_1_280.png,3718,468,3747,496,rivet
/data/1_1_7_1_280.png,3714,381,3740,413,rivet
/data/1_1_7_1_280.png,3702,293,3729,322,rivet
/data/1_1_7_1_280.png,3727,657,3766,694,rivet
/data/1_1_7_1_280.png,3729,757,3768,792,rivet
/data/1_1_7_1_280.png,3726,856,3774,896,rivet
/data/1_1_7_1_280.png,3728,952,3773,992,rivet
/data/1_1_7_1_280.png,3726,1054,3764,1096,rivet
/data/1_1_7_1_280.png,3733,1151,3764,1189,rivet
/data/1_1_7_1_280.png,3712,1252,3754,1292,rivet
/data/1_1_7_1_280.png,3621,1156,3660,1196,rivet
/data/1_1_7_1_280.png,3319,1720,3367,1767,rivet
/data/1_1_7_1_280.png,3399,1724,3436,1750,rivet
/data/1_1_7_1_280.png,3476,1720,3513,1750,rivet
/data/1_1_7_1_280.png,3554,1719,3590,1749,rivet
/data/1_1_7_1_280.png,3654,1710,3693,1744,rivet
/data/1_1_7_1_280.png,3673,1624,3721,1663,rivet
/data/1_1_7_1_280.png,3680,1532,3723,1571,rivet
/data/1_1_7_1_280.png,3691,1440,3729,1477,rivet
/data/1_1_7_1_280.png,3700,1333,3754,1396,rivet
/data/1_1_7_1_280.png,3806,1346,3847,1379,rivet
/data/1_1_7_1_280.png,3879,1370,3914,1404,rivet
/data/1_1_7_1_280.png,3802,1443,3836,1471,rivet
/data/1_1_7_1_280.png,3784,1528,3824,1565,rivet
/data/1_1_7_1_280.png,3818,1242,3868,1292,rivet
/data/1_1_7_1_280.png,3889,1299,3926,1334,rivet
/data/1_1_7_1_280.png,3897,1226,3929,1265,rivet
/data/1_1_7_1_280.png,3827,1151,3857,1182,rivet
/data/1_1_7_1_280.png,3915,1147,3954,1181,rivet
/data/1_1_7_1_280.png,3830,1050,3880,1093,rivet
/data/1_1_7_1_280.png,3907,1061,3954,1102,rivet
/data/1_1_7_1_280.png,3915,998,3949,1028,rivet
/data/1_1_7_1_280.png,3834,953,3874,994,rivet
/data/1_1_7_1_280.png,3911,912,3960,963,rivet
/data/1_1_7_1_280.png,3837,857,3878,893,rivet
/data/1_1_7_1_280.png,3917,851,3952,884,rivet
/data/1_1_7_1_280.png,3839,758,3874,793,rivet
/data/1_1_7_1_280.png,3915,775,3959,817,rivet
/data/1_1_7_1_280.png,3910,705,3955,742,rivet
/data/1_1_7_1_280.png,3835,659,3871,694,rivet
/data/1_1_7_1_280.png,3906,633,3955,671,rivet
/data/1_1_7_1_280.png,3804,559,3840,592,rivet
/data/1_1_7_1_280.png,3886,564,3925,593,rivet
/data/1_1_7_1_280.png,3817,467,3859,499,rivet
/data/1_1_7_1_280.png,2315,310,2371,360,rivet
/data/1_1_7_1_280.png,2318,243,2375,287,rivet
/data/1_1_7_1_280.png,2325,176,2361,210,rivet
/data/1_1_7_1_280.png,2323,109,2357,139,rivet
/data/1_1_7_1_280.png,728,504,763,541,rivet
/data/1_1_7_1_280.png,731,434,767,466,rivet
/data/1_1_7_1_280.png,734,355,773,395,rivet
/data/1_1_7_1_280.png,742,287,780,322,rivet
/data/1_1_7_1_280.png,748,221,788,254,rivet
/data/1_1_7_1_280.png,938,27,972,62,rivet
/data/1_1_7_1_280.png,1016,25,1056,55,rivet
/data/1_1_7_1_280.png,1090,24,1131,53,rivet
/data/1_1_7_1_280.png,1174,22,1213,49,rivet
/data/1_1_7_1_280.png,1250,17,1295,45,rivet
/data/1_1_7_1_280.png,1328,13,1365,46,rivet
/data/1_1_7_1_280.png,1408,12,1451,41,rivet
/data/1_1_7_1_280.png,1485,11,1522,36,rivet
/data/1_1_7_1_280.png,1570,6,1607,33,rivet
/data/1_1_7_1_280.png,1656,4,1688,30,rivet
/data/1_1_7_1_280.png,1731,1,1769,30,rivet
/data/1_1_7_1_280.png,1808,2,1850,28,rivet
/data/1_1_7_1_280.png,1891,1,1940,28,rivet
/data/1_1_7_1_280.png,1972,1,2017,30,rivet
/data/1_1_7_1_280.png,2055,1,2093,28,rivet
/data/1_1_7_1_280.png,2139,1,2176,27,rivet
/data/1_1_7_1_280.png,2223,1,2259,24,rivet
/data/1_1_7_1_280.png,2302,1,2340,26,rivet
/data/1_1_7_1_280.png,2384,1,2423,30,rivet
/data/1_1_7_1_280.png,2467,1,2505,24,rivet
/data/1_1_7_1_280.png,2547,1,2587,30,rivet
/data/1_1_7_1_280.png,2629,2,2668,28,rivet
/data/1_1_7_1_280.png,2709,5,2744,30,rivet
/data/1_1_7_1_280.png,2792,3,2826,33,rivet
/data/1_1_7_1_280.png,2870,7,2905,35,rivet
/data/1_1_7_1_280.png,2951,7,2986,35,rivet
/data/1_1_7_1_280.png,3030,7,3060,35,rivet
/data/1_1_7_1_280.png,3107,11,3140,38,rivet
/data/1_1_7_1_280.png,3185,12,3213,40,rivet
/data/1_1_7_1_280.png,3263,14,3300,42,rivet
/data/1_1_7_1_280.png,3342,14,3370,45,rivet
/data/1_1_7_1_280.png,3422,17,3450,44,rivet
/data/1_1_7_1_280.png,3493,15,3527,42,rivet
/data/1_1_7_1_280.png,3569,16,3608,44,rivet
/data/1_1_7_1_280.png,3803,287,3840,326,rivet
/data/1_1_7_1_280.png,3815,381,3852,413,rivet
/data/1_1_13_1_604.png,1742,48,1786,82,rivet
/data/1_1_13_1_604.png,1746,124,1788,154,rivet
/data/1_1_13_1_604.png,1740,192,1780,222,rivet
/data/1_1_13_1_604.png,1738,264,1778,292,rivet
/data/1_1_13_1_604.png,1732,332,1780,362,rivet
/data/1_1_13_1_604.png,1738,412,1782,454,rivet
/data/1_1_13_1_604.png,1728,492,1776,528,rivet
/data/1_1_13_1_604.png,1812,484,1866,530,rivet
/data/1_1_13_1_604.png,1904,492,1952,536,rivet
/data/1_1_13_1_604.png,1996,484,2044,528,rivet
/data/1_1_13_1_604.png,2082,488,2134,532,rivet
/data/1_1_13_1_604.png,2182,488,2224,528,rivet
/data/1_1_13_1_604.png,2258,482,2312,530,rivet
/data/1_1_13_1_604.png,2352,482,2404,532,rivet
/data/1_1_13_1_604.png,2434,490,2482,530,rivet
/data/1_1_13_1_604.png,2526,478,2578,526,rivet
/data/1_1_13_1_604.png,2610,486,2664,526,rivet
/data/1_1_13_1_604.png,2698,488,2746,526,rivet
/data/1_1_13_1_604.png,2778,488,2846,538,rivet
/data/1_1_13_1_604.png,2869,487,2912,530,rivet
/data/1_1_13_1_604.png,2954,490,2999,527,rivet
/data/1_1_13_1_604.png,3034,492,3078,532,rivet
/data/1_1_13_1_604.png,3121,488,3159,533,rivet
/data/1_1_13_1_604.png,3202,492,3249,535,rivet
/data/1_1_13_1_604.png,3272,487,3322,533,rivet
/data/1_1_13_1_604.png,3354,495,3396,530,rivet
/data/1_1_13_1_604.png,3376,410,3411,443,rivet
/data/1_1_13_1_604.png,3437,492,3486,530,rivet
/data/1_1_13_1_604.png,3517,493,3564,533,rivet
/data/1_1_13_1_604.png,3597,492,3642,532,rivet
/data/1_1_13_1_604.png,3677,493,3721,535,rivet
/data/1_1_13_1_604.png,3394,652,3427,688,rivet
/data/1_1_13_1_604.png,3391,1018,3437,1060,rivet
/data/1_1_13_1_604.png,3333,42,3375,95,rivet
/data/1_1_13_1_604.png,3758,495,3805,540,rivet
/data/1_1_13_1_604.png,3835,492,3875,530,rivet
/data/1_1_13_1_604.png,3915,492,3963,535,rivet
/data/1_1_13_1_604.png,646,532,693,568,rivet
/data/1_1_13_1_604.png,717,524,772,577,rivet
/data/1_1_13_1_604.png,797,526,850,568,rivet
/data/1_1_13_1_604.png,889,521,926,556,rivet
/data/1_1_13_1_604.png,962,517,1005,562,rivet
/data/1_1_13_1_604.png,1048,513,1099,556,rivet
/data/1_1_13_1_604.png,1124,515,1177,556,rivet
/data/1_1_13_1_604.png,1215,509,1264,548,rivet
/data/1_1_13_1_604.png,1301,511,1346,548,rivet
/data/1_1_13_1_604.png,1385,503,1430,550,rivet
/data/1_1_13_1_604.png,1554,499,1603,538,rivet
/data/1_1_13_1_604.png,1642,497,1693,534,rivet
/data/1_1_13_1_604.png,1472,503,1514,542,rivet
/data/1_1_13_1_604.png,1732,579,1774,619,rivet
/data/1_1_13_1_604.png,1730,661,1772,698,rivet
/data/1_1_13_1_604.png,1731,736,1776,774,rivet
/data/1_1_13_1_604.png,1734,813,1771,851,rivet
/data/1_1_13_1_604.png,1732,888,1776,930,rivet
/data/1_1_13_1_604.png,1730,966,1782,1010,rivet
/data/1_1_13_1_604.png,1735,1043,1780,1084,rivet
/data/1_1_13_1_604.png,570,1138,617,1183,rivet
/data/1_1_13_1_604.png,648,1142,687,1183,rivet
/data/1_1_13_1_604.png,726,1142,764,1179,rivet
/data/1_1_13_1_604.png,809,1134,848,1181,rivet
/data/1_1_13_1_604.png,893,1136,924,1177,rivet
/data/1_1_13_1_604.png,968,1136,1009,1174,rivet
/data/1_1_13_1_604.png,1046,1130,1093,1179,rivet
/data/1_1_13_1_604.png,1132,1130,1179,1175,rivet
/data/1_1_13_1_604.png,1215,1134,1260,1174,rivet
/data/1_1_13_1_604.png,1305,1138,1338,1170,rivet
/data/1_1_13_1_604.png,1386,1132,1431,1179,rivet
/data/1_1_13_1_604.png,1475,1133,1515,1173,rivet
/data/1_1_13_1_604.png,1560,1134,1605,1173,rivet
/data/1_1_13_1_604.png,1645,1130,1692,1176,rivet
/data/1_1_13_1_604.png,1728,1128,1787,1171,rivet
/data/1_1_13_1_604.png,1818,1134,1869,1173,rivet
/data/1_1_13_1_604.png,1909,1128,1959,1169,rivet
/data/1_1_13_1_604.png,2002,1125,2046,1168,rivet
/data/1_1_13_1_604.png,2095,1126,2136,1169,rivet
/data/1_1_13_1_604.png,2168,1118,2232,1175,rivet
/data/1_1_13_1_604.png,2271,1124,2315,1169,rivet
/data/1_1_13_1_604.png,2359,1123,2400,1163,rivet
/data/1_1_13_1_604.png,2443,1122,2485,1161,rivet
/data/1_1_13_1_604.png,2531,1119,2587,1163,rivet
/data/1_1_13_1_604.png,2619,1121,2664,1158,rivet
/data/1_1_13_1_604.png,2707,1115,2746,1156,rivet
/data/1_1_13_1_604.png,2793,1114,2832,1158,rivet
/data/1_1_13_1_604.png,2876,1120,2912,1153,rivet
/data/1_1_13_1_604.png,2963,1113,3002,1151,rivet
/data/1_1_13_1_604.png,3042,1115,3081,1155,rivet
/data/1_1_13_1_604.png,3122,1093,3173,1157,rivet
/data/1_1_13_1_604.png,3199,1105,3248,1151,rivet
/data/1_1_13_1_604.png,3280,1107,3325,1148,rivet
/data/1_1_13_1_604.png,3359,1105,3404,1148,rivet
/data/1_1_13_1_604.png,3442,1106,3483,1147,rivet
/data/1_1_13_1_604.png,3515,1107,3558,1145,rivet
/data/1_1_13_1_604.png,3600,1107,3646,1147,rivet
/data/1_1_13_1_604.png,3676,1100,3718,1144,rivet
/data/1_1_13_1_604.png,3754,1102,3799,1143,rivet
/data/1_1_13_1_604.png,3830,1098,3880,1148,rivet
/data/1_1_13_1_604.png,3908,1099,3958,1150,rivet
/data/1_1_13_1_604.png,3380,1258,3425,1307,rivet
/data/1_1_13_1_604.png,3344,1602,3387,1650,rivet
/data/1_1_13_1_604.png,1737,1214,1793,1258,rivet
/data/1_1_13_1_604.png,1741,1289,1783,1333,rivet
/data/1_1_13_1_604.png,1746,1370,1785,1406,rivet
/data/1_1_13_1_604.png,1744,1443,1785,1479,rivet
/data/1_1_13_1_604.png,1753,1515,1796,1547,rivet
/data/1_1_13_1_604.png,1753,1583,1794,1615,rivet
/data/1_1_13_1_604.png,1753,1653,1797,1686,rivet
/data/1_1_13_1_604.png,799,1709,847,1748,rivet
/data/1_1_13_1_604.png,876,1707,919,1751,rivet
/data/1_1_13_1_604.png,951,1707,997,1750,rivet
/data/1_1_13_1_604.png,1029,1719,1078,1753,rivet
/data/1_1_13_1_604.png,1114,1717,1160,1751,rivet
/data/1_1_13_1_604.png,1192,1722,1235,1753,rivet
/data/1_1_13_1_604.png,1271,1719,1320,1758,rivet
/data/1_1_13_1_604.png,1353,1725,1401,1765,rivet
/data/1_1_13_1_604.png,1435,1725,1474,1753,rivet
/data/1_1_13_1_604.png,1509,1724,1560,1765,rivet
/data/1_1_13_1_604.png,1596,1727,1638,1765,rivet
/data/1_1_13_1_604.png,1679,1724,1720,1760,rivet
/data/1_1_13_1_604.png,1765,1722,1799,1763,rivet
/data/1_1_13_1_604.png,1843,1727,1894,1763,rivet
/data/1_1_13_1_604.png,1932,1719,1974,1758,rivet
/data/1_1_13_1_604.png,2017,1724,2056,1760,rivet
/data/1_1_13_1_604.png,2097,1719,2147,1761,rivet
/data/1_1_13_1_604.png,2184,1720,2232,1758,rivet
/data/1_1_13_1_604.png,2271,1717,2314,1755,rivet
/data/1_1_13_1_604.png,2346,1711,2400,1758,rivet
/data/1_1_13_1_604.png,2439,1715,2478,1747,rivet
/data/1_1_13_1_604.png,2516,1715,2560,1747,rivet
/data/1_1_13_1_604.png,2599,1709,2636,1747,rivet
/data/1_1_13_1_604.png,2680,1710,2724,1745,rivet
/data/1_1_13_1_604.png,2764,1705,2806,1739,rivet
/data/1_1_13_1_604.png,2845,1700,2884,1742,rivet
/data/1_1_13_1_604.png,2924,1697,2963,1736,rivet
/data/1_1_13_1_604.png,3001,1694,3043,1732,rivet
/data/1_1_13_1_604.png,3082,1694,3125,1729,rivet
/data/1_1_13_1_604.png,3161,1692,3197,1724,rivet
/data/1_1_13_1_604.png,3231,1683,3274,1720,rivet
/data/1_1_13_1_604.png,3313,1684,3350,1714,rivet
/data/1_1_13_1_604.png,3387,1682,3427,1720,rivet
/data/1_1_13_1_604.png,3315,1794,3347,1829,rivet
/data/1_1_13_1_604.png,3465,1674,3507,1709,rivet
/data/1_1_13_1_604.png,3540,1676,3578,1707,rivet
/data/1_1_13_1_604.png,3619,1676,3655,1706,rivet
/data/1_1_13_1_604.png,3691,1673,3730,1701,rivet
/data/1_1_13_1_604.png,1771,1833,1810,1876,rivet
/data/1_1_13_1_604.png,1724,1879,1760,1902,rivet
/data/1_1_13_1_604.png,1773,1907,1807,1936,rivet
/data/1_1_13_1_604.png,1727,1938,1763,1966,rivet
/data/1_1_13_1_604.png,1776,1969,1812,1997,rivet
/data/1_1_13_1_604.png,1735,2002,1766,2023,rivet
/data/1_1_13_1_604.png,1779,2027,1817,2051,rivet
/data/1_1_13_1_604.png,1738,2057,1773,2086,rivet
/data/1_1_13_1_604.png,1785,2082,1820,2111,rivet
/data/1_1_13_1_604.png,1742,2111,1780,2137,rivet
/data/1_1_13_1_604.png,1791,2136,1827,2160,rivet
/data/1_1_18_2_881.png,455,611,501,641,rivet
/data/1_1_18_2_881.png,632,632,669,662,rivet
/data/1_1_18_2_881.png,770,627,816,661,rivet
/data/1_1_18_2_881.png,924,624,960,653,rivet
/data/1_1_18_2_881.png,1068,616,1108,653,rivet
/data/1_1_18_2_881.png,1207,615,1253,653,rivet
/data/1_1_18_2_881.png,1361,607,1404,651,rivet
/data/1_1_18_2_881.png,411,723,436,748,rivet
/data/1_1_18_2_881.png,466,718,503,750,rivet
/data/1_1_18_2_881.png,539,720,576,748,rivet
/data/1_1_18_2_881.png,611,717,646,750,rivet
/data/1_1_18_2_881.png,672,717,710,746,rivet
/data/1_1_18_2_881.png,739,718,768,746,rivet
/data/1_1_18_2_881.png,809,711,842,744,rivet
/data/1_1_18_2_881.png,868,712,905,746,rivet
/data/1_1_18_2_881.png,933,710,983,744,rivet
/data/1_1_18_2_881.png,1002,703,1035,739,rivet
/data/1_1_18_2_881.png,1070,702,1105,737,rivet
/data/1_1_18_2_881.png,1134,701,1180,740,rivet
/data/1_1_18_2_881.png,1202,702,1237,727,rivet
/data/1_1_18_2_881.png,1273,704,1307,736,rivet
/data/1_1_18_2_881.png,1342,700,1376,737,rivet
/data/1_1_18_2_881.png,1410,696,1440,726,rivet
/data/1_1_18_2_881.png,1468,691,1507,732,rivet
/data/1_1_18_2_881.png,1481,755,1513,790,rivet
/data/1_1_18_2_881.png,1406,761,1439,794,rivet
/data/1_1_18_2_881.png,1345,759,1372,791,rivet
/data/1_1_18_2_881.png,1273,763,1304,791,rivet
/data/1_1_18_2_881.png,1204,765,1231,794,rivet
/data/1_1_18_2_881.png,1137,770,1175,798,rivet
/data/1_1_18_2_881.png,1068,769,1103,803,rivet
/data/1_1_18_2_881.png,1004,770,1037,803,rivet
/data/1_1_18_2_881.png,936,769,969,804,rivet
/data/1_1_18_2_881.png,869,771,907,802,rivet
/data/1_1_18_2_881.png,812,776,845,808,rivet
/data/1_1_18_2_881.png,746,778,775,806,rivet
/data/1_1_18_2_881.png,685,785,707,807,rivet
/data/1_1_18_2_881.png,616,779,649,811,rivet
/data/1_1_18_2_881.png,548,782,578,814,rivet
/data/1_1_18_2_881.png,475,784,507,812,rivet
/data/1_1_18_2_881.png,414,783,442,811,rivet
/data/1_1_18_2_881.png,480,908,512,946,rivet
/data/1_1_18_2_881.png,475,977,500,1019,rivet
/data/1_1_18_2_881.png,475,1086,500,1119,rivet
/data/1_1_18_2_881.png,468,1166,501,1196,rivet
/data/1_1_18_2_881.png,469,1252,501,1284,rivet
/data/1_1_18_2_881.png,468,1335,499,1373,rivet
/data/1_1_18_2_881.png,417,1416,449,1454,rivet
/data/1_1_18_2_881.png,496,1419,529,1450,rivet
/data/1_1_18_2_881.png,542,1498,575,1536,rivet
/data/1_1_18_2_881.png,550,1595,582,1630,rivet
/data/1_1_18_2_881.png,471,1580,509,1611,rivet
/data/1_1_18_2_881.png,468,1646,514,1689,rivet
/data/1_1_18_2_881.png,479,1721,517,1761,rivet
/data/1_1_18_2_881.png,603,1736,639,1768,rivet
/data/1_1_18_2_881.png,735,1734,771,1768,rivet
/data/1_1_18_2_881.png,746,1825,775,1859,rivet
/data/1_1_18_2_881.png,757,1918,787,1953,rivet
/data/1_1_18_2_881.png,609,1828,643,1861,rivet
/data/1_1_18_2_881.png,618,1917,652,1950,rivet
/data/1_1_18_2_881.png,485,1793,525,1826,rivet
/data/1_1_18_2_881.png,484,1866,527,1903,rivet
/data/1_1_18_2_881.png,490,1932,535,1968,rivet
/data/1_1_18_2_881.png,388,1806,427,1843,rivet
/data/1_1_18_2_881.png,395,1890,430,1929,rivet
/data/1_1_18_2_881.png,439,2009,473,2048,rivet
/data/1_1_18_2_881.png,521,2011,560,2047,rivet
/data/1_1_18_2_881.png,594,2010,641,2049,rivet
/data/1_1_18_2_881.png,680,2010,721,2050,rivet
/data/1_1_18_2_881.png,764,2013,803,2053,rivet
/data/1_1_18_2_881.png,508,2082,561,2124,rivet
/data/1_1_18_2_881.png,635,2099,675,2135,rivet
/data/1_1_18_2_881.png,772,2099,817,2136,rivet
/data/1_1_18_2_881.png,873,2013,915,2050,rivet
/data/1_1_18_2_881.png,962,2015,998,2051,rivet
/data/1_1_18_2_881.png,1042,2014,1080,2052,rivet
/data/1_1_18_2_881.png,1128,2019,1162,2052,rivet
/data/1_1_18_2_881.png,1215,2019,1249,2052,rivet
/data/1_1_18_2_881.png,1289,2012,1328,2053,rivet
/data/1_1_18_2_881.png,1374,2018,1411,2054,rivet
/data/1_1_18_2_881.png,1459,2018,1497,2059,rivet
/data/1_1_18_2_881.png,582,1414,618,1449,rivet
/data/1_1_18_2_881.png,660,1413,696,1450,rivet
/data/1_1_18_2_881.png,742,1414,782,1452,rivet
/data/1_1_18_2_881.png,823,1411,864,1453,rivet
/data/1_1_18_2_881.png,908,1411,948,1453,rivet
/data/1_1_18_2_881.png,989,1413,1030,1452,rivet
/data/1_1_18_2_881.png,1074,1416,1111,1449,rivet
/data/1_1_18_2_881.png,1162,1413,1200,1449,rivet
/data/1_1_18_2_881.png,1248,1413,1286,1450,rivet
/data/1_1_18_2_881.png,1335,1413,1368,1447,rivet
/data/1_1_18_2_881.png,1423,1411,1454,1447,rivet
/data/1_1_18_2_881.png,1508,1417,1545,1451,rivet
/data/1_1_18_2_881.png,331,1416,372,1454,rivet
/data/1_1_18_2_881.png,242,1423,280,1457,rivet
/data/1_1_18_2_881.png,309,1043,347,1081,rivet
/data/1_1_18_2_881.png,600,1045,628,1081,rivet
/data/1_1_18_2_881.png,742,1047,782,1081,rivet
/data/1_1_18_2_881.png,885,1045,926,1080,rivet
/data/1_1_18_2_881.png,1028,1042,1073,1073,rivet
/data/1_1_18_2_881.png,1177,1043,1204,1076,rivet
/data/1_1_18_2_881.png,342,910,373,936,rivet
/data/1_1_18_2_881.png,338,972,369,1005,rivet
/data/1_1_18_2_881.png,408,904,441,932,rivet
/data/1_1_18_2_881.png,412,974,443,1007,rivet
/data/1_1_18_2_881.png,548,907,575,935,rivet
/data/1_1_18_2_881.png,535,970,579,1002,rivet
/data/1_1_18_2_881.png,614,905,643,938,rivet
/data/1_1_18_2_881.png,602,972,642,999,rivet
/data/1_1_18_2_881.png,679,903,710,935,rivet
/data/1_1_18_2_881.png,674,969,701,1001,rivet
/data/1_1_18_2_881.png,741,901,770,928,rivet
/data/1_1_18_2_881.png,737,963,769,1001,rivet
/data/1_1_18_2_881.png,804,901,833,928,rivet
/data/1_1_18_2_881.png,807,964,834,998,rivet
/data/1_1_18_2_881.png,873,903,898,930,rivet
/data/1_1_18_2_881.png,869,964,901,995,rivet
/data/1_1_18_2_881.png,941,900,967,926,rivet
/data/1_1_18_2_881.png,936,961,967,999,rivet
/data/1_1_18_2_881.png,996,962,1028,1002,rivet
/data/1_1_18_2_881.png,995,893,1030,933,rivet
/data/1_1_18_2_881.png,1068,897,1102,927,rivet
/data/1_1_18_2_881.png,1067,963,1101,988,rivet
/data/1_1_18_2_881.png,1139,899,1162,928,rivet
/data/1_1_18_2_881.png,1137,962,1164,992,rivet
/data/1_1_18_2_881.png,1201,958,1233,992,rivet
/data/1_1_18_2_881.png,1205,894,1232,926,rivet
/data/1_1_18_2_881.png,1272,889,1295,926,rivet
/data/1_1_18_2_881.png,1269,959,1298,990,rivet
/data/1_1_18_2_881.png,1335,889,1367,919,rivet
/data/1_1_18_2_881.png,1332,958,1371,988,rivet
/data/1_1_18_2_881.png,1327,1032,1360,1067,rivet
/data/1_1_18_2_881.png,1404,954,1433,991,rivet
/data/1_1_18_2_881.png,1402,879,1436,920,rivet
/data/1_1_18_2_881.png,1474,888,1508,918,rivet
/data/1_1_18_2_881.png,1475,955,1508,993,rivet
/data/1_1_18_2_881.png,1482,1035,1506,1063,rivet
/data/1_1_18_2_881.png,1548,694,1574,721,rivet
/data/1_1_18_2_881.png,1617,694,1647,724,rivet
/data/1_1_18_2_881.png,1679,695,1723,723,rivet
/data/1_1_18_2_881.png,1754,689,1787,723,rivet
/data/1_1_18_2_881.png,1824,690,1864,723,rivet
/data/1_1_18_2_881.png,1884,684,1938,728,rivet
/data/1_1_18_2_881.png,1967,687,1998,720,rivet
/data/1_1_18_2_881.png,2039,689,2070,719,rivet
/data/1_1_18_2_881.png,2112,683,2144,713,rivet
/data/1_1_18_2_881.png,2181,683,2213,713,rivet
/data/1_1_18_2_881.png,2238,685,2270,718,rivet
/data/1_1_18_2_881.png,2303,687,2335,715,rivet
/data/1_1_18_2_881.png,2372,684,2406,717,rivet
/data/1_1_18_2_881.png,2443,683,2473,718,rivet
/data/1_1_18_2_881.png,2504,686,2544,718,rivet
/data/1_1_18_2_881.png,2578,683,2616,714,rivet
/data/1_1_18_2_881.png,2643,683,2680,719,rivet
/data/1_1_18_2_881.png,2712,686,2745,720,rivet
/data/1_1_18_2_881.png,2774,690,2810,720,rivet
/data/1_1_18_2_881.png,2841,688,2874,719,rivet
/data/1_1_18_2_881.png,1832,604,1867,630,rivet
/data/1_1_18_2_881.png,2293,597,2328,633,rivet
/data/1_1_18_2_881.png,2444,602,2478,633,rivet
/data/1_1_18_2_881.png,2598,600,2629,633,rivet
/data/1_1_18_2_881.png,2735,605,2778,634,rivet
/data/1_1_18_2_881.png,2105,567,2137,596,rivet
/data/1_1_18_2_881.png,2098,501,2137,539,rivet
/data/1_1_18_2_881.png,2100,434,2137,469,rivet
/data/1_1_18_2_881.png,2103,373,2140,411,rivet
/data/1_1_18_2_881.png,2098,312,2127,347,rivet
/data/1_1_18_2_881.png,2096,248,2132,283,rivet
/data/1_1_18_2_881.png,2096,186,2132,221,rivet
/data/1_1_18_2_881.png,2093,128,2130,154,rivet
/data/1_1_18_2_881.png,2095,61,2129,89,rivet
/data/1_1_18_2_881.png,1519,611,1553,638,rivet
/data/1_1_18_2_881.png,1550,755,1577,784,rivet
/data/1_1_18_2_881.png,1618,759,1644,787,rivet
/data/1_1_18_2_881.png,1686,756,1721,789,rivet
/data/1_1_18_2_881.png,1760,755,1795,790,rivet
/data/1_1_18_2_881.png,1829,753,1863,788,rivet
/data/1_1_18_2_881.png,1896,756,1938,793,rivet
/data/1_1_18_2_881.png,1970,755,2007,787,rivet
/data/1_1_18_2_881.png,2038,752,2074,784,rivet
/data/1_1_18_2_881.png,2099,740,2145,780,rivet
/data/1_1_18_2_881.png,2185,751,2220,782,rivet
/data/1_1_18_2_881.png,2249,750,2280,778,rivet
/data/1_1_18_2_881.png,2301,744,2338,778,rivet
/data/1_1_18_2_881.png,2371,752,2409,781,rivet
/data/1_1_18_2_881.png,2440,747,2479,778,rivet
/data/1_1_18_2_881.png,2510,746,2540,779,rivet
/data/1_1_18_2_881.png,2570,744,2610,777,rivet
/data/1_1_18_2_881.png,2646,748,2676,781,rivet
/data/1_1_18_2_881.png,2714,751,2751,780,rivet
/data/1_1_18_2_881.png,2778,743,2811,780,rivet
/data/1_1_18_2_881.png,2840,751,2869,785,rivet
/data/1_1_18_2_881.png,2887,605,2918,637,rivet
/data/1_1_18_2_881.png,3038,603,3063,632,rivet
/data/1_1_18_2_881.png,3169,606,3206,636,rivet
/data/1_1_18_2_881.png,3310,610,3343,640,rivet
/data/1_1_18_2_881.png,2907,688,2937,716,rivet
/data/1_1_18_2_881.png,2974,688,3002,715,rivet
/data/1_1_18_2_881.png,3035,686,3070,719,rivet
/data/1_1_18_2_881.png,3103,688,3140,716,rivet
/data/1_1_18_2_881.png,3165,688,3199,719,rivet
/data/1_1_18_2_881.png,3226,692,3259,720,rivet
/data/1_1_18_2_881.png,3289,688,3318,721,rivet
/data/1_1_18_2_881.png,2916,748,2947,775,rivet
/data/1_1_18_2_881.png,2972,746,3002,779,rivet
/data/1_1_18_2_881.png,3032,750,3069,783,rivet
/data/1_1_18_2_881.png,3102,751,3134,783,rivet
/data/1_1_18_2_881.png,3165,747,3202,790,rivet
/data/1_1_18_2_881.png,3230,747,3261,783,rivet
/data/1_1_18_2_881.png,3289,746,3316,782,rivet
/data/1_1_18_2_881.png,1545,885,1576,916,rivet
/data/1_1_18_2_881.png,1541,958,1573,984,rivet
/data/1_1_18_2_881.png,1614,883,1642,913,rivet
/data/1_1_18_2_881.png,1610,953,1642,983,rivet
/data/1_1_18_2_881.png,1632,1030,1666,1066,rivet
/data/1_1_18_2_881.png,1785,1029,1825,1061,rivet
/data/1_1_18_2_881.png,1939,1032,1981,1065,rivet
/data/1_1_18_2_881.png,2259,1023,2294,1052,rivet
/data/1_1_18_2_881.png,2414,1023,2448,1053,rivet
/data/1_1_18_2_881.png,2115,1057,2149,1089,rivet
/data/1_1_18_2_881.png,2119,1140,2154,1180,rivet
/data/1_1_18_2_881.png,2121,1231,2160,1269,rivet
/data/1_1_18_2_881.png,2127,1324,2162,1353,rivet
/data/1_1_18_2_881.png,1681,881,1716,915,rivet
/data/1_1_18_2_881.png,1686,954,1717,985,rivet
/data/1_1_18_2_881.png,1753,952,1785,984,rivet
/data/1_1_18_2_881.png,1747,881,1779,908,rivet
/data/1_1_18_2_881.png,1824,880,1855,912,rivet
/data/1_1_18_2_881.png,1825,951,1856,981,rivet
/data/1_1_18_2_881.png,1894,881,1925,910,rivet
/data/1_1_18_2_881.png,1896,950,1925,980,rivet
/data/1_1_18_2_881.png,1965,948,1998,981,rivet
/data/1_1_18_2_881.png,1963,874,1997,910,rivet
/data/1_1_18_2_881.png,2031,874,2065,908,rivet
/data/1_1_18_2_881.png,2035,944,2070,977,rivet
/data/1_1_18_2_881.png,2113,878,2152,921,rivet
/data/1_1_18_2_881.png,2119,946,2156,989,rivet
/data/1_1_18_2_881.png,2185,872,2213,909,rivet
/data/1_1_18_2_881.png,2240,877,2272,908,rivet
/data/1_1_18_2_881.png,2298,876,2328,902,rivet
/data/1_1_18_2_881.png,2187,947,2219,972,rivet
/data/1_1_18_2_881.png,2247,944,2272,975,rivet
/data/1_1_18_2_881.png,2305,946,2332,975,rivet
/data/1_1_18_2_881.png,2372,946,2404,972,rivet
/data/1_1_18_2_881.png,2366,877,2399,905,rivet
/data/1_1_18_2_881.png,2433,876,2467,904,rivet
/data/1_1_18_2_881.png,2444,942,2469,968,rivet
/data/1_1_18_2_881.png,1598,1412,1635,1444,rivet
/data/1_1_18_2_881.png,1687,1410,1720,1447,rivet
/data/1_1_18_2_881.png,1772,1410,1814,1440,rivet
/data/1_1_18_2_881.png,1865,1413,1900,1447,rivet
/data/1_1_18_2_881.png,1952,1410,1989,1443,rivet
/data/1_1_18_2_881.png,2042,1407,2078,1440,rivet
/data/1_1_18_2_881.png,2133,1403,2172,1439,rivet
/data/1_1_18_2_881.png,2219,1399,2253,1435,rivet
/data/1_1_18_2_881.png,2315,1398,2348,1431,rivet
/data/1_1_18_2_881.png,2401,1401,2433,1429,rivet
/data/1_1_18_2_881.png,2127,1551,2165,1578,rivet
/data/1_1_18_2_881.png,2131,1633,2164,1665,rivet
/data/1_1_18_2_881.png,2130,1710,2160,1736,rivet
/data/1_1_18_2_881.png,2127,1782,2162,1817,rivet
/data/1_1_18_2_881.png,2122,1860,2166,1894,rivet
/data/1_1_18_2_881.png,2128,1934,2164,1960,rivet
/data/1_1_18_2_881.png,2147,2010,2177,2043,rivet
/data/1_1_18_2_881.png,2231,2006,2261,2041,rivet
/data/1_1_18_2_881.png,2316,2011,2353,2038,rivet
/data/1_1_18_2_881.png,2406,2004,2436,2031,rivet
/data/1_1_18_2_881.png,2061,2016,2091,2042,rivet
/data/1_1_18_2_881.png,2127,2080,2155,2113,rivet
/data/1_1_18_2_881.png,1546,2022,1578,2053,rivet
/data/1_1_18_2_881.png,1632,2020,1674,2056,rivet
/data/1_1_18_2_881.png,1717,2018,1759,2051,rivet
/data/1_1_18_2_881.png,1796,2016,1836,2052,rivet
/data/1_1_18_2_881.png,1887,2016,1926,2052,rivet
/data/1_1_18_2_881.png,1976,2015,2007,2050,rivet
/data/1_1_18_2_881.png,2507,873,2537,904,rivet
/data/1_1_18_2_881.png,2512,945,2541,969,rivet
/data/1_1_18_2_881.png,2576,940,2605,970,rivet
/data/1_1_18_2_881.png,2572,873,2604,901,rivet
/data/1_1_18_2_881.png,2645,875,2672,898,rivet
/data/1_1_18_2_881.png,2644,946,2672,969,rivet
/data/1_1_18_2_881.png,2559,1022,2589,1046,rivet
/data/1_1_18_2_881.png,2710,1022,2743,1049,rivet
/data/1_1_18_2_881.png,2858,1021,2890,1047,rivet
/data/1_1_18_2_881.png,3006,1016,3035,1045,rivet
/data/1_1_18_2_881.png,2712,944,2739,968,rivet
/data/1_1_18_2_881.png,2710,873,2735,903,rivet
/data/1_1_18_2_881.png,2776,875,2804,899,rivet
/data/1_1_18_2_881.png,2778,943,2807,971,rivet
/data/1_1_18_2_881.png,2842,874,2870,901,rivet
/data/1_1_18_2_881.png,2843,939,2872,968,rivet
/data/1_1_18_2_881.png,2906,873,2931,901,rivet
/data/1_1_18_2_881.png,2908,942,2936,968,rivet
/data/1_1_18_2_881.png,2976,942,3002,966,rivet
/data/1_1_18_2_881.png,2972,873,2998,900,rivet
/data/1_1_18_2_881.png,3030,874,3063,901,rivet
/data/1_1_18_2_881.png,3040,938,3063,969,rivet
/data/1_1_18_2_881.png,3098,873,3126,903,rivet
/data/1_1_18_2_881.png,3102,940,3128,968,rivet
/data/1_1_18_2_881.png,3141,1016,3174,1046,rivet
/data/1_1_18_2_881.png,3165,938,3191,967,rivet
/data/1_1_18_2_881.png,3161,870,3185,899,rivet
/data/1_1_18_2_881.png,3221,873,3248,901,rivet
/data/1_1_18_2_881.png,3225,942,3252,965,rivet
/data/1_1_18_2_881.png,3292,937,3319,966,rivet
/data/1_1_18_2_881.png,3280,1015,3309,1041,rivet
/data/1_1_18_2_881.png,3419,1014,3445,1041,rivet
/data/1_1_18_2_881.png,3511,1013,3538,1036,rivet
/data/1_1_18_2_881.png,3492,936,3514,962,rivet
/data/1_1_18_2_881.png,3418,939,3441,965,rivet
/data/1_1_18_2_881.png,3350,936,3383,966,rivet
/data/1_1_18_2_881.png,3286,872,3313,900,rivet
/data/1_1_18_2_881.png,3343,872,3376,903,rivet
/data/1_1_18_2_881.png,3409,871,3434,897,rivet
/data/1_1_18_2_881.png,3487,873,3512,897,rivet
/data/1_1_18_2_881.png,3550,875,3576,894,rivet
/data/1_1_18_2_881.png,3557,936,3593,962,rivet
/data/1_1_18_2_881.png,3619,869,3648,897,rivet
/data/1_1_18_2_881.png,3624,934,3655,962,rivet
/data/1_1_18_2_881.png,3446,605,3477,641,rivet
/data/1_1_18_2_881.png,3585,608,3611,640,rivet
/data/1_1_18_2_881.png,3354,691,3381,722,rivet
/data/1_1_18_2_881.png,3346,749,3376,776,rivet
/data/1_1_18_2_881.png,3417,694,3446,716,rivet
/data/1_1_18_2_881.png,3412,747,3441,781,rivet
/data/1_1_18_2_881.png,3486,694,3517,719,rivet
/data/1_1_18_2_881.png,3481,751,3509,779,rivet
/data/1_1_18_2_881.png,3548,753,3578,777,rivet
/data/1_1_18_2_881.png,3550,686,3579,721,rivet
/data/1_1_18_2_881.png,3614,688,3646,721,rivet
/data/1_1_18_2_881.png,3617,747,3644,775,rivet
/data/1_1_18_2_881.png,3678,686,3713,721,rivet
/data/1_1_18_2_881.png,3678,744,3707,773,rivet
/data/1_1_18_2_881.png,3686,873,3716,903,rivet
/data/1_1_18_2_881.png,3692,934,3717,966,rivet
/data/1_1_18_2_881.png,3698,1034,3725,1063,rivet
/data/1_1_18_2_881.png,3701,1119,3732,1142,rivet
/data/1_1_18_2_881.png,3706,1195,3741,1230,rivet
/data/1_1_18_2_881.png,3711,1273,3746,1311,rivet
/data/1_1_18_2_881.png,3700,1361,3737,1395,rivet
/data/1_1_18_2_881.png,3619,1362,3668,1396,rivet
/data/1_1_18_2_881.png,3546,1363,3582,1401,rivet
/data/1_1_18_2_881.png,3472,1366,3501,1400,rivet
/data/1_1_18_2_881.png,3388,1366,3422,1399,rivet
/data/1_1_18_2_881.png,3311,1370,3337,1403,rivet
/data/1_1_18_2_881.png,3711,1491,3746,1521,rivet
/data/1_1_18_2_881.png,3786,1357,3820,1389,rivet
/data/1_1_18_2_881.png,3708,1559,3743,1599,rivet
/data/1_1_18_2_881.png,3712,1637,3743,1678,rivet
/data/1_1_18_2_881.png,3696,1710,3739,1749,rivet
/data/1_1_18_2_881.png,3699,1788,3734,1818,rivet
/data/1_1_18_2_881.png,3234,1375,3269,1404,rivet
/data/1_1_18_2_881.png,3151,1376,3190,1411,rivet
/data/1_1_18_2_881.png,3065,1379,3113,1413,rivet
/data/1_1_18_2_881.png,2990,1383,3025,1411,rivet
/data/1_1_18_2_881.png,2486,1395,2522,1427,rivet
/data/1_1_18_2_881.png,2569,1389,2605,1428,rivet
/data/1_1_18_2_881.png,2652,1395,2699,1426,rivet
/data/1_1_18_2_881.png,2743,1389,2776,1420,rivet
/data/1_1_18_2_881.png,2830,1384,2863,1419,rivet
/data/1_1_18_2_881.png,2906,1382,2941,1421,rivet
/data/1_1_18_2_881.png,2487,2000,2519,2027,rivet
/data/1_1_18_2_881.png,2568,1996,2611,2027,rivet
/data/1_1_18_2_881.png,2654,1990,2685,2022,rivet
/data/1_1_18_2_881.png,2733,1987,2766,2017,rivet
/data/1_1_18_2_881.png,2811,1984,2851,2016,rivet
/data/1_1_18_2_881.png,2893,1975,2933,2008,rivet
/data/1_1_18_2_881.png,2978,1973,3003,2004,rivet
/data/1_1_18_2_881.png,3055,1969,3088,1999,rivet
/data/1_1_18_2_881.png,3134,1962,3169,1996,rivet
/data/1_1_18_2_881.png,3214,1957,3254,1993,rivet
/data/1_1_18_2_881.png,3296,1954,3330,1991,rivet
/data/1_1_18_2_881.png,3380,1953,3406,1977,rivet
/data/1_1_18_2_881.png,3456,1950,3492,1980,rivet
/data/1_1_18_2_881.png,3527,1942,3562,1976,rivet
/data/1_1_18_2_881.png,3609,1940,3650,1973,rivet
/data/1_1_18_2_881.png,3702,1865,3740,1895,rivet
/data/1_1_11_1_494.png,833,199,869,226,rivet
/data/1_1_11_1_494.png,841,136,877,162,rivet
/data/1_1_11_1_494.png,904,150,950,179,rivet
/data/1_1_11_1_494.png,824,266,863,298,rivet
/data/1_1_11_1_494.png,938,268,983,311,rivet
/data/1_1_11_1_494.png,1073,270,1105,301,rivet
/data/1_1_11_1_494.png,726,353,755,379,rivet
/data/1_1_11_1_494.png,818,332,853,366,rivet
/data/1_1_11_1_494.png,934,363,973,393,rivet
/data/1_1_11_1_494.png,1067,358,1096,386,rivet
/data/1_1_11_1_494.png,716,433,753,464,rivet
/data/1_1_11_1_494.png,813,404,851,431,rivet
/data/1_1_11_1_494.png,809,472,848,508,rivet
/data/1_1_11_1_494.png,928,445,963,486,rivet
/data/1_1_11_1_494.png,1058,446,1096,478,rivet
/data/1_1_11_1_494.png,658,558,697,588,rivet
/data/1_1_11_1_494.png,735,553,774,588,rivet
/data/1_1_11_1_494.png,814,552,853,591,rivet
/data/1_1_11_1_494.png,893,551,927,584,rivet
/data/1_1_11_1_494.png,976,549,1010,580,rivet
/data/1_1_11_1_494.png,1056,548,1087,575,rivet
/data/1_1_11_1_494.png,1172,544,1207,576,rivet
/data/1_1_11_1_494.png,1258,543,1295,573,rivet
/data/1_1_11_1_494.png,1338,541,1373,573,rivet
/data/1_1_11_1_494.png,1423,541,1459,570,rivet
/data/1_1_11_1_494.png,1514,537,1548,565,rivet
/data/1_1_11_1_494.png,1593,531,1630,562,rivet
/data/1_1_11_1_494.png,801,627,836,660,rivet
/data/1_1_11_1_494.png,919,646,955,676,rivet
/data/1_1_11_1_494.png,1050,641,1088,676,rivet
/data/1_1_11_1_494.png,1052,746,1082,777,rivet
/data/1_1_11_1_494.png,921,751,953,783,rivet
/data/1_1_11_1_494.png,800,703,830,732,rivet
/data/1_1_11_1_494.png,687,657,718,684,rivet
/data/1_1_11_1_494.png,684,755,717,786,rivet
/data/1_1_11_1_494.png,796,777,831,808,rivet
/data/1_1_11_1_494.png,591,432,636,472,rivet
/data/1_1_11_1_494.png,577,562,621,597,rivet
/data/1_1_11_1_494.png,537,655,584,690,rivet
/data/1_1_11_1_494.png,597,735,644,770,rivet
/data/1_1_11_1_494.png,521,823,557,865,rivet
/data/1_1_11_1_494.png,677,855,722,892,rivet
/data/1_1_11_1_494.png,789,847,836,887,rivet
/data/1_1_11_1_494.png,914,848,961,882,rivet
/data/1_1_11_1_494.png,1044,847,1089,880,rivet
/data/1_1_11_1_494.png,559,969,598,1000,rivet
/data/1_1_11_1_494.png,683,955,723,992,rivet
/data/1_1_11_1_494.png,793,919,836,960,rivet
/data/1_1_11_1_494.png,798,996,831,1029,rivet
/data/1_1_11_1_494.png,919,952,959,988,rivet
/data/1_1_11_1_494.png,1048,948,1090,984,rivet
/data/1_1_11_1_494.png,1054,1051,1088,1088,rivet
/data/1_1_11_1_494.png,1053,1155,1090,1191,rivet
/data/1_1_11_1_494.png,1066,1253,1098,1294,rivet
/data/1_1_11_1_494.png,1070,1350,1109,1393,rivet
/data/1_1_11_1_494.png,1082,1452,1121,1496,rivet
/data/1_1_11_1_494.png,566,1077,606,1111,rivet
/data/1_1_11_1_494.png,693,1060,727,1088,rivet
/data/1_1_11_1_494.png,803,1070,839,1104,rivet
/data/1_1_11_1_494.png,926,1054,961,1088,rivet
/data/1_1_11_1_494.png,962,1150,997,1192,rivet
/data/1_1_11_1_494.png,872,1159,910,1190,rivet
/data/1_1_11_1_494.png,781,1162,812,1190,rivet
/data/1_1_11_1_494.png,688,1159,725,1188,rivet
/data/1_1_11_1_494.png,578,1156,614,1187,rivet
/data/1_1_11_1_494.png,581,1270,619,1309,rivet
/data/1_1_11_1_494.png,698,1257,742,1290,rivet
/data/1_1_11_1_494.png,806,1229,846,1267,rivet
/data/1_1_11_1_494.png,934,1256,973,1290,rivet
/data/1_1_11_1_494.png,940,1354,981,1392,rivet
/data/1_1_11_1_494.png,954,1454,991,1486,rivet
/data/1_1_11_1_494.png,817,1312,848,1343,rivet
/data/1_1_11_1_494.png,823,1384,856,1417,rivet
/data/1_1_11_1_494.png,834,1451,863,1482,rivet
/data/1_1_11_1_494.png,838,1519,873,1554,rivet
/data/1_1_11_1_494.png,849,1587,882,1617,rivet
/data/1_1_11_1_494.png,712,1357,748,1392,rivet
/data/1_1_11_1_494.png,724,1452,764,1484,rivet
/data/1_1_11_1_494.png,736,1541,774,1582,rivet
/data/1_1_11_1_494.png,750,1632,779,1668,rivet
/data/1_1_11_1_494.png,853,1652,897,1686,rivet
/data/1_1_11_1_494.png,966,1546,1006,1583,rivet
/data/1_1_11_1_494.png,974,1642,1013,1676,rivet
/data/1_1_11_1_494.png,1090,1547,1130,1586,rivet
/data/1_1_11_1_494.png,1103,1642,1139,1676,rivet
/data/1_1_11_1_494.png,818,1729,854,1763,rivet
/data/1_1_11_1_494.png,894,1731,924,1760,rivet
/data/1_1_11_1_494.png,966,1732,1001,1763,rivet
/data/1_1_11_1_494.png,1042,1734,1077,1763,rivet
/data/1_1_11_1_494.png,1117,1738,1147,1764,rivet
/data/1_1_11_1_494.png,1004,1786,1037,1818,rivet
/data/1_1_11_1_494.png,1011,1851,1048,1883,rivet
/data/1_1_11_1_494.png,1022,1909,1059,1938,rivet
/data/1_1_11_1_494.png,1119,1788,1170,1820,rivet
/data/1_1_11_1_494.png,1133,1855,1173,1885,rivet
/data/1_1_11_1_494.png,1144,1912,1179,1947,rivet
/data/1_1_11_1_494.png,1156,1967,1188,2001,rivet
/data/1_1_11_1_494.png,1174,1159,1207,1188,rivet
/data/1_1_11_1_494.png,1258,1156,1292,1187,rivet
/data/1_1_11_1_494.png,1337,1158,1372,1184,rivet
/data/1_1_11_1_494.png,1428,1157,1459,1189,rivet
/data/1_1_11_1_494.png,1509,1157,1556,1194,rivet
/data/1_1_11_1_494.png,1596,1157,1630,1188,rivet
/data/1_1_11_1_494.png,1684,1159,1719,1183,rivet
/data/1_1_11_1_494.png,1776,1158,1807,1184,rivet
/data/1_1_11_1_494.png,1857,1151,1900,1189,rivet
/data/1_1_11_1_494.png,1947,1154,1990,1188,rivet
/data/1_1_11_1_494.png,1225,1738,1263,1769,rivet
/data/1_1_11_1_494.png,1307,1740,1340,1766,rivet
/data/1_1_11_1_494.png,1390,1740,1420,1768,rivet
/data/1_1_11_1_494.png,1472,1744,1503,1773,rivet
/data/1_1_11_1_494.png,1547,1743,1583,1770,rivet
/data/1_1_11_1_494.png,1633,1740,1665,1775,rivet
/data/1_1_11_1_494.png,1715,1744,1749,1775,rivet
/data/1_1_11_1_494.png,1795,1741,1833,1774,rivet
/data/1_1_11_1_494.png,1879,1743,1914,1771,rivet
/data/1_1_11_1_494.png,1967,1743,2003,1771,rivet
/data/1_1_11_1_494.png,2044,1745,2087,1774,rivet
/data/1_1_11_1_494.png,2130,1744,2167,1770,rivet
/data/1_1_11_1_494.png,2214,1738,2254,1768,rivet
/data/1_1_11_1_494.png,2294,1735,2338,1766,rivet
/data/1_1_11_1_494.png,2382,1735,2422,1766,rivet
/data/1_1_11_1_494.png,2458,1733,2503,1765,rivet
/data/1_1_11_1_494.png,2445,1658,2480,1688,rivet
/data/1_1_11_1_494.png,2452,1591,2483,1619,rivet
/data/1_1_11_1_494.png,2452,1516,2488,1553,rivet
/data/1_1_11_1_494.png,2448,1440,2489,1481,rivet
/data/1_1_11_1_494.png,2455,1373,2493,1411,rivet
/data/1_1_11_1_494.png,2454,1303,2495,1345,rivet
/data/1_1_11_1_494.png,2455,1228,2498,1262,rivet
/data/1_1_11_1_494.png,2477,1141,2517,1177,rivet
/data/1_1_11_1_494.png,2384,1145,2428,1183,rivet
/data/1_1_11_1_494.png,2302,1149,2340,1181,rivet
/data/1_1_11_1_494.png,2214,1146,2250,1182,rivet
/data/1_1_11_1_494.png,2121,1148,2161,1184,rivet
/data/1_1_11_1_494.png,2033,1152,2071,1185,rivet
/data/1_1_11_1_494.png,2459,1058,2500,1092,rivet
/data/1_1_11_1_494.png,2454,977,2496,1018,rivet
/data/1_1_11_1_494.png,2455,898,2500,933,rivet
/data/1_1_11_1_494.png,1676,522,1722,566,rivet
/data/1_1_11_1_494.png,1762,520,1820,566,rivet
/data/1_1_11_1_494.png,1842,514,1896,566,rivet
/data/1_1_11_1_494.png,1938,518,1988,558,rivet
/data/1_1_11_1_494.png,2036,518,2076,552,rivet
/data/1_1_11_1_494.png,2116,520,2158,554,rivet
/data/1_1_11_1_494.png,2204,510,2254,554,rivet
/data/1_1_11_1_494.png,2296,516,2338,552,rivet
/data/1_1_11_1_494.png,2386,514,2430,556,rivet
/data/1_1_11_1_494.png,2454,584,2496,638,rivet
/data/1_1_11_1_494.png,2450,672,2496,708,rivet
/data/1_1_11_1_494.png,2442,742,2496,784,rivet
/data/1_1_11_1_494.png,2450,820,2500,860,rivet
/data/1_1_11_1_494.png,2450,430,2486,464,rivet
/data/1_1_11_1_494.png,2442,352,2484,394,rivet
/data/1_1_11_1_494.png,2442,280,2478,318,rivet
/data/1_1_11_1_494.png,2442,214,2484,250,rivet
/data/1_1_11_1_494.png,2436,142,2478,172,rivet
/data/1_1_11_1_494.png,2467,518,2509,551,rivet
/data/1_1_11_1_494.png,2553,515,2592,549,rivet
/data/1_1_11_1_494.png,2640,516,2679,553,rivet
/data/1_1_11_1_494.png,2729,515,2772,554,rivet
/data/1_1_11_1_494.png,2818,519,2853,554,rivet
/data/1_1_11_1_494.png,2898,524,2938,556,rivet
/data/1_1_11_1_494.png,2980,523,3015,553,rivet
/data/1_1_11_1_494.png,3067,523,3097,550,rivet
/data/1_1_11_1_494.png,3142,523,3182,556,rivet
/data/1_1_11_1_494.png,2433,65,2475,107,rivet
/data/1_1_11_1_494.png,3229,521,3268,554,rivet
/data/1_1_11_1_494.png,3306,520,3346,558,rivet
/data/1_1_11_1_494.png,3384,523,3427,554,rivet
/data/1_1_11_1_494.png,3468,527,3508,553,rivet
/data/1_1_11_1_494.png,3554,526,3590,554,rivet
/data/1_1_11_1_494.png,3634,522,3663,554,rivet
/data/1_1_11_1_494.png,3712,524,3748,552,rivet
/data/1_1_11_1_494.png,3797,523,3832,555,rivet
/data/1_1_11_1_494.png,2558,1146,2600,1182,rivet
/data/1_1_11_1_494.png,2647,1139,2694,1180,rivet
/data/1_1_11_1_494.png,2734,1140,2771,1174,rivet
/data/1_1_11_1_494.png,2821,1138,2857,1176,rivet
/data/1_1_11_1_494.png,2898,1135,2937,1172,rivet
/data/1_1_11_1_494.png,2986,1136,3020,1174,rivet
/data/1_1_11_1_494.png,3061,1134,3106,1172,rivet
/data/1_1_11_1_494.png,3149,1138,3182,1167,rivet
/data/1_1_11_1_494.png,3229,1137,3260,1164,rivet
/data/1_1_11_1_494.png,3307,1134,3346,1162,rivet
/data/1_1_11_1_494.png,3386,1128,3423,1166,rivet
/data/1_1_11_1_494.png,3472,1128,3504,1162,rivet
/data/1_1_11_1_494.png,3552,1125,3587,1160,rivet
/data/1_1_11_1_494.png,3623,1128,3668,1161,rivet
/data/1_1_11_1_494.png,3705,1124,3758,1163,rivet
/data/1_1_11_1_494.png,3791,1121,3834,1158,rivet
/data/1_1_11_1_494.png,3875,1121,3912,1162,rivet
/data/1_1_11_1_494.png,2430,1846,2470,1873,rivet
/data/1_1_11_1_494.png,2385,1880,2416,1909,rivet
/data/1_1_11_1_494.png,2429,1910,2460,1935,rivet
/data/1_1_11_1_494.png,2384,1941,2413,1965,rivet
/data/1_1_11_1_494.png,2418,1968,2463,2003,rivet
/data/1_1_11_1_494.png,2378,2003,2409,2026,rivet
/data/1_1_11_1_494.png,2415,2028,2457,2056,rivet
/data/1_1_11_1_494.png,2369,2061,2409,2089,rivet
/data/1_1_11_1_494.png,2544,1726,2582,1765,rivet
/data/1_1_11_1_494.png,2624,1728,2665,1759,rivet
/data/1_1_11_1_494.png,2705,1721,2745,1756,rivet
/data/1_1_11_1_494.png,2788,1721,2822,1753,rivet
/data/1_1_11_1_494.png,2874,1720,2902,1748,rivet
/data/1_1_11_1_494.png,2945,1713,2977,1743,rivet
/data/1_1_11_1_494.png,3025,1710,3067,1745,rivet
/data/1_1_11_1_494.png,3104,1709,3143,1746,rivet
/data/1_1_11_1_494.png,3185,1708,3214,1739,rivet
/data/1_1_11_1_494.png,3262,1705,3293,1738,rivet
/data/1_1_11_1_494.png,3336,1701,3371,1730,rivet
/data/1_1_11_1_494.png,3412,1691,3444,1729,rivet
/data/1_1_11_1_494.png,3488,1694,3537,1734,rivet
/data/1_1_11_1_494.png,3568,1692,3610,1726,rivet
/data/1_1_11_1_494.png,3641,1686,3683,1724,rivet
/data/1_1_11_1_494.png,3719,1686,3764,1720,rivet
/data/1_1_11_1_494.png,3946,1120,4000,1158,rivet
/data/1_1_11_1_494.png,3882,522,3918,557,rivet
/data/1_1_11_1_494.png,2412,2081,2451,2114,rivet
/data/1_1_11_1_494.png,2368,2114,2402,2138,rivet
/data/1_1_11_1_494.png,2412,2132,2455,2160,rivet
/data/1_1_3_0_104.png,478,48,525,76,rivet
/data/1_1_3_0_104.png,557,48,595,80,rivet
/data/1_1_3_0_104.png,634,48,678,80,rivet
/data/1_1_3_0_104.png,710,43,753,79,rivet
/data/1_1_3_0_104.png,788,40,827,74,rivet
/data/1_1_3_0_104.png,859,39,900,81,rivet
/data/1_1_3_0_104.png,944,38,980,71,rivet
/data/1_1_3_0_104.png,1023,36,1063,71,rivet
/data/1_1_3_0_104.png,1093,34,1128,63,rivet
/data/1_1_3_0_104.png,1175,36,1214,66,rivet
/data/1_1_3_0_104.png,1253,31,1284,59,rivet
/data/1_1_3_0_104.png,1324,29,1367,56,rivet
/data/1_1_3_0_104.png,1403,28,1445,56,rivet
/data/1_1_3_0_104.png,1490,23,1528,50,rivet
/data/1_1_3_0_104.png,1569,24,1607,56,rivet
/data/1_1_3_0_104.png,1655,21,1692,48,rivet
/data/1_1_3_0_104.png,1724,19,1767,51,rivet
/data/1_1_3_0_104.png,495,159,533,194,rivet
/data/1_1_3_0_104.png,488,233,522,256,rivet
/data/1_1_3_0_104.png,474,299,515,329,rivet
/data/1_1_3_0_104.png,470,370,503,400,rivet
/data/1_1_3_0_104.png,462,441,494,465,rivet
/data/1_1_3_0_104.png,459,515,488,543,rivet
/data/1_1_3_0_104.png,249,596,288,629,rivet
/data/1_1_3_0_104.png,329,596,358,623,rivet
/data/1_1_3_0_104.png,405,596,439,624,rivet
/data/1_1_3_0_104.png,489,596,514,623,rivet
/data/1_1_3_0_104.png,564,595,595,621,rivet
/data/1_1_3_0_104.png,639,591,669,621,rivet
/data/1_1_3_0_104.png,718,594,749,621,rivet
/data/1_1_3_0_104.png,800,588,823,614,rivet
/data/1_1_3_0_104.png,875,589,904,618,rivet
/data/1_1_3_0_104.png,949,588,982,614,rivet
/data/1_1_3_0_104.png,1034,589,1068,615,rivet
/data/1_1_3_0_104.png,1115,585,1143,606,rivet
/data/1_1_3_0_104.png,1198,580,1228,609,rivet
/data/1_1_3_0_104.png,1279,576,1305,604,rivet
/data/1_1_3_0_104.png,1358,579,1389,609,rivet
/data/1_1_3_0_104.png,1444,578,1479,608,rivet
/data/1_1_3_0_104.png,1520,575,1560,605,rivet
/data/1_1_3_0_104.png,1605,573,1643,608,rivet
/data/1_1_3_0_104.png,1688,574,1727,606,rivet
/data/1_1_3_0_104.png,443,668,483,706,rivet
/data/1_1_3_0_104.png,439,740,474,773,rivet
/data/1_1_3_0_104.png,437,818,474,848,rivet
/data/1_1_3_0_104.png,439,889,474,924,rivet
/data/1_1_3_0_104.png,441,960,468,991,rivet
/data/1_1_3_0_104.png,440,1025,478,1059,rivet
/data/1_1_3_0_104.png,452,1101,483,1129,rivet
/data/1_1_3_0_104.png,259,1175,293,1211,rivet
/data/1_1_3_0_104.png,335,1180,373,1210,rivet
/data/1_1_3_0_104.png,413,1178,448,1213,rivet
/data/1_1_3_0_104.png,493,1176,529,1214,rivet
/data/1_1_3_0_104.png,562,1178,595,1210,rivet
/data/1_1_3_0_104.png,643,1174,674,1211,rivet
/data/1_1_3_0_104.png,717,1171,755,1218,rivet
/data/1_1_3_0_104.png,798,1181,829,1214,rivet
/data/1_1_3_0_104.png,874,1180,910,1211,rivet
/data/1_1_3_0_104.png,955,1185,990,1215,rivet
/data/1_1_3_0_104.png,1032,1183,1070,1217,rivet
/data/1_1_3_0_104.png,1109,1186,1149,1219,rivet
/data/1_1_3_0_104.png,1192,1185,1228,1220,rivet
/data/1_1_3_0_104.png,1276,1188,1307,1219,rivet
/data/1_1_3_0_104.png,1359,1189,1392,1221,rivet
/data/1_1_3_0_104.png,1438,1189,1475,1222,rivet
/data/1_1_3_0_104.png,1522,1189,1555,1219,rivet
/data/1_1_3_0_104.png,1612,1188,1643,1219,rivet
/data/1_1_3_0_104.png,1689,1187,1734,1224,rivet
/data/1_1_3_0_104.png,180,1182,215,1214,rivet
/data/1_1_3_0_104.png,454,1254,496,1292,rivet
/data/1_1_3_0_104.png,460,1321,498,1357,rivet
/data/1_1_3_0_104.png,466,1392,507,1424,rivet
/data/1_1_3_0_104.png,474,1460,509,1486,rivet
/data/1_1_3_0_104.png,482,1526,521,1556,rivet
/data/1_1_3_0_104.png,492,1592,532,1623,rivet
/data/1_1_3_0_104.png,506,1651,547,1682,rivet
/data/1_1_3_0_104.png,409,1728,441,1753,rivet
/data/1_1_3_0_104.png,481,1728,517,1760,rivet
/data/1_1_3_0_104.png,556,1724,589,1759,rivet
/data/1_1_3_0_104.png,632,1732,669,1761,rivet
/data/1_1_3_0_104.png,708,1731,742,1763,rivet
/data/1_1_3_0_104.png,782,1738,810,1766,rivet
/data/1_1_3_0_104.png,858,1736,893,1768,rivet
/data/1_1_3_0_104.png,934,1741,966,1771,rivet
/data/1_1_3_0_104.png,1008,1743,1041,1774,rivet
/data/1_1_3_0_104.png,1083,1747,1118,1774,rivet
/data/1_1_3_0_104.png,1162,1750,1197,1774,rivet
/data/1_1_3_0_104.png,1240,1751,1276,1781,rivet
/data/1_1_3_0_104.png,1317,1758,1352,1783,rivet
/data/1_1_3_0_104.png,1394,1757,1426,1783,rivet
/data/1_1_3_0_104.png,1805,16,1845,50,rivet
/data/1_1_3_0_104.png,1889,17,1928,45,rivet
/data/1_1_3_0_104.png,1970,20,2016,53,rivet
/data/1_1_3_0_104.png,1774,569,1824,608,rivet
/data/1_1_3_0_104.png,1860,566,1903,604,rivet
/data/1_1_3_0_104.png,1947,568,1993,601,rivet
/data/1_1_3_0_104.png,2024,566,2080,608,rivet
/data/1_1_3_0_104.png,2117,566,2159,610,rivet
/data/1_1_3_0_104.png,2089,485,2129,519,rivet
/data/1_1_3_0_104.png,2088,414,2127,445,rivet
/data/1_1_3_0_104.png,2092,338,2133,371,rivet
/data/1_1_3_0_104.png,2085,268,2129,303,rivet
/data/1_1_3_0_104.png,2090,200,2128,230,rivet
/data/1_1_3_0_104.png,2087,126,2132,163,rivet
/data/1_1_3_0_104.png,2057,18,2093,44,rivet
/data/1_1_3_0_104.png,2139,15,2170,48,rivet
/data/1_1_3_0_104.png,2223,19,2252,44,rivet
/data/1_1_3_0_104.png,2304,18,2337,45,rivet
/data/1_1_3_0_104.png,2377,19,2419,49,rivet
/data/1_1_3_0_104.png,2458,21,2499,49,rivet
/data/1_1_3_0_104.png,2543,24,2580,48,rivet
/data/1_1_3_0_104.png,2615,19,2667,58,rivet
/data/1_1_3_0_104.png,2703,26,2740,56,rivet
/data/1_1_3_0_104.png,2783,30,2817,58,rivet
/data/1_1_3_0_104.png,2864,33,2897,59,rivet
/data/1_1_3_0_104.png,2941,33,2974,64,rivet
/data/1_1_3_0_104.png,3018,39,3047,63,rivet
/data/1_1_3_0_104.png,3094,41,3125,64,rivet
/data/1_1_3_0_104.png,2201,567,2251,610,rivet
/data/1_1_3_0_104.png,2096,655,2129,685,rivet
/data/1_1_3_0_104.png,2099,733,2136,765,rivet
/data/1_1_3_0_104.png,2099,807,2131,838,rivet
/data/1_1_3_0_104.png,2099,882,2132,917,rivet
/data/1_1_3_0_104.png,2096,955,2139,995,rivet
/data/1_1_3_0_104.png,2098,1032,2131,1072,rivet
/data/1_1_3_0_104.png,2091,1107,2134,1147,rivet
/data/1_1_3_0_104.png,1776,1188,1819,1223,rivet
/data/1_1_3_0_104.png,1854,1188,1902,1222,rivet
/data/1_1_3_0_104.png,1951,1193,1986,1222,rivet
/data/1_1_3_0_104.png,2036,1192,2079,1228,rivet
/data/1_1_3_0_104.png,2124,1197,2162,1230,rivet
/data/1_1_3_0_104.png,2212,1188,2257,1228,rivet
/data/1_1_3_0_104.png,2296,1188,2339,1227,rivet
/data/1_1_3_0_104.png,2381,1192,2422,1230,rivet
/data/1_1_3_0_104.png,2461,1185,2514,1237,rivet
/data/1_1_3_0_104.png,2544,1192,2601,1238,rivet
/data/1_1_3_0_104.png,2637,1192,2679,1230,rivet
/data/1_1_3_0_104.png,2719,1190,2772,1230,rivet
/data/1_1_3_0_104.png,2799,1195,2844,1225,rivet
/data/1_1_3_0_104.png,2096,1270,2141,1308,rivet
/data/1_1_3_0_104.png,2089,1342,2139,1385,rivet
/data/1_1_3_0_104.png,2096,1425,2131,1450,rivet
/data/1_1_3_0_104.png,2091,1490,2136,1528,rivet
/data/1_1_3_0_104.png,2094,1561,2134,1592,rivet
/data/1_1_3_0_104.png,2092,1627,2127,1655,rivet
/data/1_1_3_0_104.png,2096,1693,2134,1727,rivet
/data/1_1_3_0_104.png,2120,1769,2160,1796,rivet
/data/1_1_3_0_104.png,2192,1768,2239,1797,rivet
/data/1_1_3_0_104.png,2276,1769,2319,1800,rivet
/data/1_1_3_0_104.png,2359,1760,2401,1796,rivet
/data/1_1_3_0_104.png,2439,1763,2481,1800,rivet
/data/1_1_3_0_104.png,2521,1764,2561,1799,rivet
/data/1_1_3_0_104.png,2599,1769,2643,1799,rivet
/data/1_1_3_0_104.png,2684,1767,2723,1794,rivet
/data/1_1_3_0_104.png,2763,1761,2807,1797,rivet
/data/1_1_3_0_104.png,2837,1756,2886,1787,rivet
/data/1_1_3_0_104.png,2906,1753,2951,1791,rivet
/data/1_1_3_0_104.png,2986,1746,3034,1790,rivet
/data/1_1_3_0_104.png,3064,1746,3116,1783,rivet
/data/1_1_3_0_104.png,3143,1750,3183,1786,rivet
/data/1_1_3_0_104.png,2086,1871,2133,1911,rivet
/data/1_1_3_0_104.png,2146,1910,2177,1936,rivet
/data/1_1_3_0_104.png,2093,1941,2137,1970,rivet
/data/1_1_3_0_104.png,2141,1969,2176,1999,rivet
/data/1_1_3_0_104.png,2090,1996,2131,2027,rivet
/data/1_1_3_0_104.png,2134,2021,2176,2053,rivet
/data/1_1_3_0_104.png,2096,2054,2124,2081,rivet
/data/1_1_3_0_104.png,2129,2076,2176,2114,rivet
/data/1_1_3_0_104.png,2086,2110,2133,2137,rivet
/data/1_1_3_0_104.png,2124,2131,2183,2160,rivet
/data/1_1_3_0_104.png,1469,1751,1507,1787,rivet
/data/1_1_3_0_104.png,1546,1760,1586,1790,rivet
/data/1_1_3_0_104.png,1630,1759,1666,1797,rivet
/data/1_1_3_0_104.png,1709,1760,1746,1800,rivet
/data/1_1_3_0_104.png,1790,1766,1823,1797,rivet
/data/1_1_3_0_104.png,1873,1764,1903,1793,rivet
/data/1_1_3_0_104.png,1956,1764,1986,1794,rivet
/data/1_1_3_0_104.png,2037,1764,2071,1797,rivet
/data/1_1_3_0_104.png,2293,568,2337,604,rivet
/data/1_1_3_0_104.png,2377,570,2420,609,rivet
/data/1_1_3_0_104.png,2463,575,2504,613,rivet
/data/1_1_3_0_104.png,2543,578,2580,611,rivet
/data/1_1_3_0_104.png,2628,579,2668,616,rivet
/data/1_1_3_0_104.png,2718,579,2755,613,rivet
/data/1_1_3_0_104.png,2808,589,2838,619,rivet
/data/1_1_3_0_104.png,2888,588,2925,614,rivet
/data/1_1_3_0_104.png,2964,586,2999,616,rivet
/data/1_1_3_0_104.png,3050,586,3085,619,rivet
/data/1_1_3_0_104.png,3128,586,3163,623,rivet
/data/1_1_3_0_104.png,3205,589,3235,621,rivet
/data/1_1_3_0_104.png,3293,590,3322,624,rivet
/data/1_1_3_0_104.png,3363,596,3390,626,rivet
/data/1_1_3_0_104.png,3446,596,3470,628,rivet
/data/1_1_3_0_104.png,3514,593,3553,625,rivet
/data/1_1_3_0_104.png,3170,40,3207,79,rivet
/data/1_1_3_0_104.png,3247,29,3289,74,rivet
/data/1_1_3_0_104.png,2882,1190,2928,1226,rivet
/data/1_1_3_0_104.png,2962,1186,3002,1225,rivet
/data/1_1_3_0_104.png,3043,1191,3088,1224,rivet
/data/1_1_3_0_104.png,3124,1190,3178,1230,rivet
/data/1_1_3_0_104.png,3204,1189,3248,1226,rivet
/data/1_1_3_0_104.png,3282,1183,3325,1221,rivet
/data/1_1_3_0_104.png,3358,1185,3404,1229,rivet
/data/1_1_3_0_104.png,3440,1188,3474,1220,rivet
/data/1_1_3_0_104.png,3215,1735,3268,1787,rivet
/data/1_1_4_0_135.png,54,593,87,625,rivet
/data/1_1_4_0_135.png,136,594,170,625,rivet
/data/1_1_4_0_135.png,218,593,247,622,rivet
/data/1_1_4_0_135.png,298,593,327,623,rivet
/data/1_1_4_0_135.png,375,594,407,623,rivet
/data/1_1_4_0_135.png,454,591,483,621,rivet
/data/1_1_4_0_135.png,533,590,562,622,rivet
/data/1_1_4_0_135.png,611,590,643,620,rivet
/data/1_1_4_0_135.png,693,588,719,617,rivet
/data/1_1_4_0_135.png,769,590,801,617,rivet
/data/1_1_4_0_135.png,848,586,877,616,rivet
/data/1_1_4_0_135.png,926,587,957,615,rivet
/data/1_1_4_0_135.png,1005,582,1033,613,rivet
/data/1_1_4_0_135.png,1087,581,1115,612,rivet
/data/1_1_4_0_135.png,1163,576,1199,614,rivet
/data/1_1_4_0_135.png,1244,578,1279,609,rivet
/data/1_1_4_0_135.png,1327,575,1363,609,rivet
/data/1_1_4_0_135.png,1413,573,1445,605,rivet
/data/1_1_4_0_135.png,1497,573,1530,605,rivet
/data/1_1_4_0_135.png,1582,572,1614,602,rivet
/data/1_1_4_0_135.png,1668,573,1702,604,rivet
/data/1_1_4_0_135.png,1752,569,1785,601,rivet
/data/1_1_4_0_135.png,1838,570,1870,602,rivet
/data/1_1_4_0_135.png,1923,569,1956,602,rivet
/data/1_1_4_0_135.png,2009,570,2043,602,rivet
/data/1_1_4_0_135.png,2096,568,2130,602,rivet
/data/1_1_4_0_135.png,2182,568,2219,602,rivet
/data/1_1_4_0_135.png,2268,570,2305,602,rivet
/data/1_1_4_0_135.png,2356,571,2393,605,rivet
/data/1_1_4_0_135.png,2443,573,2476,606,rivet
/data/1_1_4_0_135.png,2526,571,2560,604,rivet
/data/1_1_4_0_135.png,2613,571,2644,607,rivet
/data/1_1_4_0_135.png,2695,580,2726,606,rivet
/data/1_1_4_0_135.png,2776,577,2813,610,rivet
/data/1_1_4_0_135.png,2859,579,2890,609,rivet
/data/1_1_4_0_135.png,2941,579,2973,611,rivet
/data/1_1_4_0_135.png,3023,582,3058,614,rivet
/data/1_1_4_0_135.png,3105,584,3135,619,rivet
/data/1_1_4_0_135.png,3182,587,3212,617,rivet
/data/1_1_4_0_135.png,3263,588,3293,620,rivet
/data/1_1_4_0_135.png,3342,589,3373,621,rivet
/data/1_1_4_0_135.png,3418,589,3451,623,rivet
/data/1_1_4_0_135.png,3499,591,3534,624,rivet
/data/1_1_4_0_135.png,3576,594,3612,625,rivet
/data/1_1_4_0_135.png,1571,132,1605,162,rivet
/data/1_1_4_0_135.png,1568,201,1601,229,rivet
/data/1_1_4_0_135.png,1563,270,1593,301,rivet
/data/1_1_4_0_135.png,1561,343,1591,374,rivet
/data/1_1_4_0_135.png,1553,417,1589,448,rivet
/data/1_1_4_0_135.png,1551,491,1584,522,rivet
/data/1_1_4_0_135.png,1551,653,1586,687,rivet
/data/1_1_4_0_135.png,1551,730,1586,763,rivet
/data/1_1_4_0_135.png,1551,804,1587,841,rivet
/data/1_1_4_0_135.png,1549,879,1583,915,rivet
/data/1_1_4_0_135.png,1546,953,1588,993,rivet
/data/1_1_4_0_135.png,1544,1027,1589,1068,rivet
/data/1_1_4_0_135.png,1546,1102,1588,1140,rivet
/data/1_1_4_0_135.png,1496,1188,1530,1224,rivet
/data/1_1_4_0_135.png,1580,1189,1613,1221,rivet
/data/1_1_4_0_135.png,1555,1268,1588,1302,rivet
/data/1_1_4_0_135.png,1557,1343,1591,1375,rivet
/data/1_1_4_0_135.png,1559,1418,1592,1449,rivet
/data/1_1_4_0_135.png,1566,1487,1598,1519,rivet
/data/1_1_4_0_135.png,1567,1555,1599,1584,rivet
/data/1_1_4_0_135.png,1572,1623,1604,1651,rivet
/data/1_1_4_0_135.png,1575,1691,1607,1718,rivet
/data/1_1_4_0_135.png,1526,1762,1558,1790,rivet
/data/1_1_4_0_135.png,1608,1763,1638,1792,rivet
/data/1_1_4_0_135.png,69,1177,101,1209,rivet
/data/1_1_4_0_135.png,150,1175,180,1204,rivet
/data/1_1_4_0_135.png,227,1177,258,1205,rivet
/data/1_1_4_0_135.png,308,1176,337,1207,rivet
/data/1_1_4_0_135.png,389,1177,415,1207,rivet
/data/1_1_4_0_135.png,466,1178,494,1207,rivet
/data/1_1_4_0_135.png,543,1179,570,1208,rivet
/data/1_1_4_0_135.png,619,1180,646,1209,rivet
/data/1_1_4_0_135.png,698,1179,723,1209,rivet
/data/1_1_4_0_135.png,774,1182,801,1210,rivet
/data/1_1_4_0_135.png,851,1180,879,1212,rivet
/data/1_1_4_0_135.png,929,1181,958,1213,rivet
/data/1_1_4_0_135.png,1009,1183,1038,1212,rivet
/data/1_1_4_0_135.png,1087,1184,1118,1214,rivet
/data/1_1_4_0_135.png,1167,1184,1198,1215,rivet
/data/1_1_4_0_135.png,1248,1186,1280,1218,rivet
/data/1_1_4_0_135.png,1329,1185,1362,1218,rivet
/data/1_1_4_0_135.png,1412,1188,1446,1220,rivet
/data/1_1_4_0_135.png,1669,1189,1701,1220,rivet
/data/1_1_4_0_135.png,1752,1188,1787,1220,rivet
/data/1_1_4_0_135.png,1837,1190,1873,1223,rivet
/data/1_1_4_0_135.png,1924,1191,1957,1223,rivet
/data/1_1_4_0_135.png,2010,1194,2044,1225,rivet
/data/1_1_4_0_135.png,2098,1191,2132,1223,rivet
/data/1_1_4_0_135.png,2186,1191,2220,1223,rivet
/data/1_1_4_0_135.png,2270,1191,2305,1226,rivet
/data/1_1_4_0_135.png,2359,1191,2393,1224,rivet
/data/1_1_4_0_135.png,2440,1190,2480,1226,rivet
/data/1_1_4_0_135.png,2526,1188,2562,1224,rivet
/data/1_1_4_0_135.png,2615,1191,2651,1223,rivet
/data/1_1_4_0_135.png,2698,1191,2728,1223,rivet
/data/1_1_4_0_135.png,2784,1187,2812,1221,rivet
/data/1_1_4_0_135.png,2861,1188,2897,1224,rivet
/data/1_1_4_0_135.png,2947,1189,2979,1220,rivet
/data/1_1_4_0_135.png,3026,1187,3059,1220,rivet
/data/1_1_4_0_135.png,3105,1190,3138,1222,rivet
/data/1_1_4_0_135.png,3185,1189,3215,1221,rivet
/data/1_1_4_0_135.png,3263,1188,3293,1219,rivet
/data/1_1_4_0_135.png,3345,1187,3371,1221,rivet
/data/1_1_4_0_135.png,3080,147,3109,177,rivet
/data/1_1_4_0_135.png,3084,215,3118,247,rivet
/data/1_1_4_0_135.png,3090,284,3129,318,rivet
/data/1_1_4_0_135.png,3095,354,3134,391,rivet
/data/1_1_4_0_135.png,3105,425,3140,465,rivet
/data/1_1_4_0_135.png,3110,502,3148,537,rivet
/data/1_1_4_0_135.png,3118,661,3148,693,rivet
/data/1_1_4_0_135.png,3116,737,3151,770,rivet
/data/1_1_4_0_135.png,3117,810,3148,843,rivet
/data/1_1_4_0_135.png,3120,881,3149,913,rivet
/data/1_1_4_0_135.png,3117,955,3147,987,rivet
/data/1_1_4_0_135.png,3116,1030,3146,1063,rivet
/data/1_1_4_0_135.png,3113,1104,3145,1134,rivet
/data/1_1_4_0_135.png,3107,1266,3136,1296,rivet
/data/1_1_4_0_135.png,3102,1337,3132,1369,rivet
/data/1_1_4_0_135.png,3096,1408,3127,1438,rivet
/data/1_1_4_0_135.png,3090,1476,3120,1505,rivet
/data/1_1_4_0_135.png,3081,1543,3111,1573,rivet
/data/1_1_4_0_135.png,3074,1611,3105,1641,rivet
/data/1_1_4_0_135.png,3069,1675,3099,1705,rivet
/data/1_1_4_0_135.png,3051,1752,3080,1782,rivet
/data/1_1_4_0_135.png,1687,1766,1717,1793,rivet
/data/1_1_4_0_135.png,1768,1768,1799,1794,rivet
/data/1_1_4_0_135.png,1850,1768,1881,1795,rivet
/data/1_1_4_0_135.png,1932,1768,1960,1797,rivet
/data/1_1_4_0_135.png,2014,1770,2044,1797,rivet
/data/1_1_4_0_135.png,2094,1772,2126,1796,rivet
/data/1_1_4_0_135.png,2174,1771,2204,1797,rivet
/data/1_1_4_0_135.png,2259,1770,2288,1799,rivet
/data/1_1_4_0_135.png,2340,1767,2370,1796,rivet
/data/1_1_4_0_135.png,2419,1767,2449,1795,rivet
/data/1_1_4_0_135.png,2500,1766,2531,1795,rivet
/data/1_1_4_0_135.png,2581,1765,2608,1791,rivet
/data/1_1_4_0_135.png,2659,1764,2687,1789,rivet
/data/1_1_4_0_135.png,2739,1761,2769,1788,rivet
/data/1_1_4_0_135.png,2818,1760,2848,1787,rivet
/data/1_1_4_0_135.png,2894,1755,2931,1787,rivet
/data/1_1_4_0_135.png,2970,1754,3008,1784,rivet
/data/1_1_4_0_135.png,3130,1751,3157,1776,rivet
/data/1_1_4_0_135.png,3203,1747,3235,1777,rivet
/data/1_1_4_0_135.png,1446,1758,1477,1787,rivet
/data/1_1_4_0_135.png,1368,1757,1400,1783,rivet
/data/1_1_4_0_135.png,1285,1753,1320,1783,rivet
/data/1_1_4_0_135.png,1211,1750,1243,1779,rivet
/data/1_1_4_0_135.png,1134,1748,1167,1779,rivet
/data/1_1_4_0_135.png,1058,1746,1087,1775,rivet
/data/1_1_4_0_135.png,983,1744,1011,1770,rivet
/data/1_1_4_0_135.png,905,1741,935,1770,rivet
/data/1_1_4_0_135.png,830,1738,861,1767,rivet
/data/1_1_4_0_135.png,754,1734,785,1766,rivet
/data/1_1_4_0_135.png,681,1733,713,1765,rivet
/data/1_1_4_0_135.png,604,1730,638,1760,rivet
/data/1_1_4_0_135.png,527,1731,562,1760,rivet
/data/1_1_4_0_135.png,458,1725,489,1761,rivet
/data/1_1_4_0_135.png,377,1727,416,1754,rivet
/data/1_1_4_0_135.png,307,1726,337,1756,rivet
/data/1_1_4_0_135.png,3417,1183,3452,1222,rivet
/data/1_1_4_0_135.png,3494,1180,3528,1219,rivet
/data/1_1_4_0_135.png,3275,1742,3313,1781,rivet
/data/1_1_9_2_404.png,1968,221,1998,249,rivet
/data/1_1_9_2_404.png,1968,286,2004,318,rivet
/data/1_1_9_2_404.png,1966,357,2001,388,rivet
/data/1_1_9_2_404.png,1968,428,2000,456,rivet
/data/1_1_9_2_404.png,1914,505,1949,536,rivet
/data/1_1_9_2_404.png,2006,501,2038,531,rivet
/data/1_1_9_2_404.png,2048,577,2076,608,rivet
/data/1_1_9_2_404.png,2044,662,2084,704,rivet
/data/1_1_9_2_404.png,1968,651,2006,682,rivet
/data/1_1_9_2_404.png,1967,719,2003,757,rivet
/data/1_1_9_2_404.png,1970,796,2006,832,rivet
/data/1_1_9_2_404.png,1971,868,2010,904,rivet
/data/1_1_9_2_404.png,1973,945,2004,976,rivet
/data/1_1_9_2_404.png,1972,1019,2008,1055,rivet
/data/1_1_9_2_404.png,1987,1111,2022,1145,rivet
/data/1_1_9_2_404.png,1971,1189,2008,1224,rivet
/data/1_1_9_2_404.png,1973,1268,2007,1301,rivet
/data/1_1_9_2_404.png,1973,1346,2006,1380,rivet
/data/1_1_9_2_404.png,1973,1423,2010,1459,rivet
/data/1_1_9_2_404.png,1976,1499,2006,1535,rivet
/data/1_1_9_2_404.png,1971,1572,2007,1614,rivet
/data/1_1_9_2_404.png,1975,1645,2013,1683,rivet
/data/1_1_9_2_404.png,1946,1733,1984,1770,rivet
/data/1_1_9_2_404.png,1978,1810,2007,1841,rivet
/data/1_1_9_2_404.png,1976,1889,2007,1928,rivet
/data/1_1_9_2_404.png,1977,1954,2011,1988,rivet
/data/1_1_9_2_404.png,1980,2024,2011,2052,rivet
/data/1_1_9_2_404.png,1982,2086,2010,2118,rivet
/data/1_1_9_2_404.png,1862,2026,1900,2056,rivet
/data/1_1_9_2_404.png,1863,1932,1890,1968,rivet
/data/1_1_9_2_404.png,1861,1837,1891,1868,rivet
/data/1_1_9_2_404.png,1850,1735,1881,1772,rivet
/data/1_1_9_2_404.png,1857,1638,1889,1672,rivet
/data/1_1_9_2_404.png,1853,1530,1888,1568,rivet
/data/1_1_9_2_404.png,1846,1430,1885,1465,rivet
/data/1_1_9_2_404.png,1847,1324,1882,1356,rivet
/data/1_1_9_2_404.png,1846,1214,1880,1251,rivet
/data/1_1_9_2_404.png,1867,889,1901,923,rivet
/data/1_1_9_2_404.png,1866,975,1902,1011,rivet
/data/1_1_9_2_404.png,1899,1111,1934,1144,rivet
/data/1_1_9_2_404.png,1811,1111,1852,1144,rivet
/data/1_1_9_2_404.png,1734,890,1766,925,rivet
/data/1_1_9_2_404.png,1731,975,1768,1012,rivet
/data/1_1_9_2_404.png,1724,1109,1762,1148,rivet
/data/1_1_9_2_404.png,1599,891,1637,926,rivet
/data/1_1_9_2_404.png,1595,979,1634,1014,rivet
/data/1_1_9_2_404.png,1632,1114,1674,1155,rivet
/data/1_1_9_2_404.png,1543,1110,1587,1151,rivet
/data/1_1_9_2_404.png,1677,1213,1725,1250,rivet
/data/1_1_9_2_404.png,1754,1298,1793,1343,rivet
/data/1_1_9_2_404.png,1554,1295,1594,1331,rivet
/data/1_1_9_2_404.png,1665,1398,1706,1439,rivet
/data/1_1_9_2_404.png,1710,1539,1753,1582,rivet
/data/1_1_9_2_404.png,1716,1654,1747,1684,rivet
/data/1_1_9_2_404.png,1721,1737,1761,1770,rivet
/data/1_1_9_2_404.png,1724,1849,1761,1892,rivet
/data/1_1_9_2_404.png,1725,1958,1766,1996,rivet
/data/1_1_9_2_404.png,1694,2089,1735,2118,rivet
/data/1_1_9_2_404.png,1567,1827,1602,1861,rivet
/data/1_1_9_2_404.png,1564,1714,1598,1745,rivet
/data/1_1_9_2_404.png,2048,1734,2085,1768,rivet
/data/1_1_9_2_404.png,2138,1729,2189,1769,rivet
/data/1_1_9_2_404.png,2247,1737,2292,1768,rivet
/data/1_1_9_2_404.png,2118,1833,2154,1866,rivet
/data/1_1_9_2_404.png,2114,1930,2154,1960,rivet
/data/1_1_9_2_404.png,2111,2019,2147,2052,rivet
/data/1_1_9_2_404.png,2114,2109,2146,2139,rivet
/data/1_1_9_2_404.png,2259,1835,2289,1858,rivet
/data/1_1_9_2_404.png,2254,1925,2284,1959,rivet
/data/1_1_9_2_404.png,2249,2018,2287,2049,rivet
/data/1_1_9_2_404.png,2246,2107,2279,2136,rivet
/data/1_1_9_2_404.png,2096,808,2138,844,rivet
/data/1_1_9_2_404.png,2239,802,2277,846,rivet
/data/1_1_9_2_404.png,2246,898,2279,941,rivet
/data/1_1_9_2_404.png,2102,904,2142,939,rivet
/data/1_1_9_2_404.png,2105,996,2142,1041,rivet
/data/1_1_9_2_404.png,2240,1003,2293,1039,rivet
/data/1_1_9_2_404.png,2075,1110,2110,1146,rivet
/data/1_1_9_2_404.png,2161,1107,2205,1145,rivet
/data/1_1_9_2_404.png,2247,1100,2289,1142,rivet
/data/1_1_9_2_404.png,2373,1109,2410,1146,rivet
/data/1_1_9_2_404.png,2464,1105,2500,1143,rivet
/data/1_1_9_2_404.png,2540,1099,2578,1142,rivet
/data/1_1_9_2_404.png,2628,1109,2673,1143,rivet
/data/1_1_9_2_404.png,2108,1213,2147,1246,rivet
/data/1_1_9_2_404.png,2246,1204,2294,1246,rivet
/data/1_1_9_2_404.png,2108,1316,2146,1354,rivet
/data/1_1_9_2_404.png,2101,1418,2154,1465,rivet
/data/1_1_9_2_404.png,2105,1529,2147,1564,rivet
/data/1_1_9_2_404.png,2106,1630,2152,1673,rivet
/data/1_1_9_2_404.png,2254,1527,2293,1566,rivet
/data/1_1_9_2_404.png,2254,1628,2295,1666,rivet
/data/1_1_9_2_404.png,2253,1418,2289,1460,rivet
/data/1_1_9_2_404.png,2247,1309,2292,1354,rivet
/data/1_1_9_2_404.png,2371,1729,2406,1758,rivet
/data/1_1_9_2_404.png,2459,1726,2497,1761,rivet
/data/1_1_9_2_404.png,2544,1723,2579,1756,rivet
/data/1_1_9_2_404.png,2625,1722,2665,1753,rivet
/data/1_1_9_2_404.png,2087,499,2125,530,rivet
/data/1_1_9_2_404.png,2169,496,2206,534,rivet
/data/1_1_9_2_404.png,2254,496,2291,532,rivet
/data/1_1_9_2_404.png,2332,498,2371,534,rivet
/data/1_1_9_2_404.png,2416,496,2461,534,rivet
/data/1_1_9_2_404.png,2501,495,2542,535,rivet
/data/1_1_9_2_404.png,2581,495,2623,536,rivet
/data/1_1_9_2_404.png,2662,496,2698,540,rivet
/data/1_1_9_2_404.png,530,542,568,568,rivet
/data/1_1_9_2_404.png,602,540,642,571,rivet
/data/1_1_9_2_404.png,689,537,722,568,rivet
/data/1_1_9_2_404.png,760,536,801,564,rivet
/data/1_1_9_2_404.png,843,533,879,566,rivet
/data/1_1_9_2_404.png,919,530,958,563,rivet
/data/1_1_9_2_404.png,1004,527,1039,560,rivet
/data/1_1_9_2_404.png,1079,522,1121,559,rivet
/data/1_1_9_2_404.png,1162,521,1204,560,rivet
/data/1_1_9_2_404.png,1247,516,1283,552,rivet
/data/1_1_9_2_404.png,1329,515,1368,553,rivet
/data/1_1_9_2_404.png,1411,511,1450,549,rivet
/data/1_1_9_2_404.png,1496,506,1532,542,rivet
/data/1_1_9_2_404.png,1577,509,1616,543,rivet
/data/1_1_9_2_404.png,1663,509,1698,539,rivet
/data/1_1_9_2_404.png,1830,504,1869,538,rivet
/data/1_1_9_2_404.png,1746,506,1783,536,rivet
/data/1_1_9_2_404.png,370,545,402,573,rivet
/data/1_1_9_2_404.png,453,543,485,573,rivet
/data/1_1_9_2_404.png,380,655,418,689,rivet
/data/1_1_9_2_404.png,374,732,408,761,rivet
/data/1_1_9_2_404.png,366,808,396,839,rivet
/data/1_1_9_2_404.png,291,752,323,781,rivet
/data/1_1_9_2_404.png,280,840,311,874,rivet
/data/1_1_9_2_404.png,266,930,300,965,rivet
/data/1_1_9_2_404.png,261,1023,296,1062,rivet
/data/1_1_9_2_404.png,357,884,392,920,rivet
/data/1_1_9_2_404.png,352,956,383,993,rivet
/data/1_1_9_2_404.png,341,1037,375,1070,rivet
/data/1_1_9_2_404.png,467,906,494,944,rivet
/data/1_1_9_2_404.png,583,911,619,942,rivet
/data/1_1_9_2_404.png,706,911,747,942,rivet
/data/1_1_9_2_404.png,829,904,872,940,rivet
/data/1_1_9_2_404.png,955,904,996,938,rivet
/data/1_1_9_2_404.png,1080,903,1118,932,rivet
/data/1_1_9_2_404.png,1081,985,1110,1023,rivet
/data/1_1_9_2_404.png,951,994,989,1022,rivet
/data/1_1_9_2_404.png,819,993,871,1025,rivet
/data/1_1_9_2_404.png,697,991,734,1029,rivet
/data/1_1_9_2_404.png,578,1000,611,1029,rivet
/data/1_1_9_2_404.png,451,997,493,1031,rivet
/data/1_1_9_2_404.png,225,1123,265,1158,rivet
/data/1_1_9_2_404.png,312,1119,348,1159,rivet
/data/1_1_9_2_404.png,393,1124,432,1158,rivet
/data/1_1_9_2_404.png,471,1124,509,1158,rivet
/data/1_1_9_2_404.png,554,1125,589,1156,rivet
/data/1_1_9_2_404.png,633,1117,670,1155,rivet
/data/1_1_9_2_404.png,715,1119,750,1153,rivet
/data/1_1_9_2_404.png,788,1118,831,1154,rivet
/data/1_1_9_2_404.png,875,1121,911,1156,rivet
/data/1_1_9_2_404.png,960,1117,996,1150,rivet
/data/1_1_9_2_404.png,1040,1118,1078,1151,rivet
/data/1_1_9_2_404.png,1126,1116,1160,1152,rivet
/data/1_1_9_2_404.png,1099,1264,1131,1300,rivet
/data/1_1_9_2_404.png,935,1262,973,1303,rivet
/data/1_1_9_2_404.png,802,1299,839,1336,rivet
/data/1_1_9_2_404.png,661,1224,697,1258,rivet
/data/1_1_9_2_404.png,697,1390,736,1434,rivet
/data/1_1_9_2_404.png,596,1308,627,1343,rivet
/data/1_1_9_2_404.png,516,1226,554,1259,rivet
/data/1_1_9_2_404.png,518,1325,553,1365,rivet
/data/1_1_9_2_404.png,518,1431,554,1464,rivet
/data/1_1_9_2_404.png,661,1535,696,1571,rivet
/data/1_1_9_2_404.png,249,1227,285,1262,rivet
/data/1_1_9_2_404.png,332,1203,368,1238,rivet
/data/1_1_9_2_404.png,422,1228,454,1262,rivet
/data/1_1_9_2_404.png,414,1329,460,1369,rivet
/data/1_1_9_2_404.png,329,1278,359,1305,rivet
/data/1_1_9_2_404.png,332,1354,368,1389,rivet
/data/1_1_9_2_404.png,324,1425,365,1461,rivet
/data/1_1_9_2_404.png,425,1432,454,1464,rivet
/data/1_1_9_2_404.png,425,1534,459,1568,rivet
/data/1_1_9_2_404.png,525,1532,555,1561,rivet
/data/1_1_9_2_404.png,253,1434,282,1462,rivet
/data/1_1_9_2_404.png,330,1499,367,1537,rivet
/data/1_1_9_2_404.png,336,1567,368,1610,rivet
/data/1_1_9_2_404.png,254,1538,282,1567,rivet
/data/1_1_9_2_404.png,247,1329,289,1362,rivet
/data/1_1_9_2_404.png,803,1636,832,1672,rivet
/data/1_1_9_2_404.png,804,1716,837,1753,rivet
/data/1_1_9_2_404.png,814,1818,843,1854,rivet
/data/1_1_9_2_404.png,825,1897,854,1927,rivet
/data/1_1_9_2_404.png,682,1832,719,1871,rivet
/data/1_1_9_2_404.png,673,1724,711,1761,rivet
/data/1_1_9_2_404.png,668,1627,702,1668,rivet
/data/1_1_9_2_404.png,696,1943,725,1975,rivet
/data/1_1_9_2_404.png,746,2073,775,2109,rivet
/data/1_1_9_2_404.png,256,1638,290,1670,rivet
/data/1_1_9_2_404.png,338,1653,374,1679,rivet
/data/1_1_9_2_404.png,425,1632,466,1668,rivet
/data/1_1_9_2_404.png,525,1631,566,1670,rivet
/data/1_1_9_2_404.png,556,1727,588,1761,rivet
/data/1_1_9_2_404.png,452,1728,495,1761,rivet
/data/1_1_9_2_404.png,351,1728,389,1768,rivet
/data/1_1_9_2_404.png,264,1734,292,1770,rivet
/data/1_1_9_2_404.png,274,1835,313,1867,rivet
/data/1_1_9_2_404.png,346,1815,386,1852,rivet
/data/1_1_9_2_404.png,434,1829,489,1870,rivet
/data/1_1_9_2_404.png,546,1834,587,1874,rivet
/data/1_1_9_2_404.png,279,1932,316,1964,rivet
/data/1_1_9_2_404.png,354,1882,388,1917,rivet
/data/1_1_9_2_404.png,357,1954,395,1989,rivet
/data/1_1_9_2_404.png,451,1927,483,1961,rivet
/data/1_1_9_2_404.png,555,1926,590,1962,rivet
/data/1_1_9_2_404.png,564,2022,600,2058,rivet
/data/1_1_9_2_404.png,464,2025,495,2052,rivet
/data/1_1_9_2_404.png,368,2024,403,2059,rivet
/data/1_1_9_2_404.png,380,2089,420,2121,rivet
/data/1_1_9_2_404.png,468,2113,516,2147,rivet
/data/1_1_9_2_404.png,569,2111,611,2147,rivet
/data/1_1_9_2_404.png,1207,897,1246,935,rivet
/data/1_1_9_2_404.png,1337,895,1374,930,rivet
/data/1_1_9_2_404.png,1469,892,1501,927,rivet
/data/1_1_9_2_404.png,1468,979,1499,1015,rivet
/data/1_1_9_2_404.png,1331,982,1379,1023,rivet
/data/1_1_9_2_404.png,1205,985,1241,1020,rivet
/data/1_1_9_2_404.png,1209,1113,1241,1151,rivet
/data/1_1_9_2_404.png,1293,1115,1332,1147,rivet
/data/1_1_9_2_404.png,1373,1116,1412,1149,rivet
/data/1_1_9_2_404.png,1461,1116,1500,1150,rivet
/data/1_1_9_2_404.png,1410,1256,1443,1291,rivet
/data/1_1_9_2_404.png,1245,1265,1286,1297,rivet
/data/1_1_9_2_404.png,1464,1719,1492,1745,rivet
/data/1_1_9_2_404.png,1468,1835,1504,1863,rivet
/data/1_1_9_2_404.png,2745,494,2780,539,rivet
/data/1_1_9_2_404.png,2829,502,2858,537,rivet
/data/1_1_9_2_404.png,2907,507,2936,535,rivet
/data/1_1_9_2_404.png,2983,507,3016,540,rivet
/data/1_1_9_2_404.png,3060,507,3090,537,rivet
/data/1_1_9_2_404.png,3138,507,3171,541,rivet
/data/1_1_9_2_404.png,3211,508,3240,544,rivet
/data/1_1_9_2_404.png,2713,1103,2754,1134,rivet
/data/1_1_9_2_404.png,2800,1099,2833,1134,rivet
/data/1_1_9_2_404.png,2885,1104,2916,1131,rivet
/data/1_1_9_2_404.png,2962,1099,3001,1134,rivet
/data/1_1_9_2_404.png,3045,1097,3079,1130,rivet
/data/1_1_9_2_404.png,3126,1096,3159,1130,rivet
/data/1_1_9_2_404.png,3205,1096,3242,1127,rivet
/data/1_1_9_2_404.png,2712,1718,2744,1749,rivet
/data/1_1_9_2_404.png,2797,1710,2827,1743,rivet
/data/1_1_9_2_404.png,2877,1710,2913,1740,rivet
/data/1_1_9_2_404.png,2961,1703,2994,1737,rivet
/data/1_1_9_2_404.png,3042,1702,3074,1731,rivet
/data/1_1_9_2_404.png,3125,1699,3156,1731,rivet
/data/1_1_9_2_404.png,3201,1697,3230,1731,rivet
/data/1_1_9_2_404.png,3276,1690,3312,1721,rivet
/data/1_1_9_2_404.png,3358,1686,3390,1718,rivet
/data/1_1_9_2_404.png,3435,1681,3471,1715,rivet
/data/1_1_9_2_404.png,3512,1678,3550,1713,rivet
/data/1_1_9_2_404.png,3571,1749,3609,1788,rivet
/data/1_1_9_2_404.png,3562,1823,3600,1859,rivet
/data/1_1_9_2_404.png,3561,1890,3594,1922,rivet
/data/1_1_9_2_404.png,3555,1954,3586,1987,rivet
/data/1_1_9_2_404.png,3546,2018,3583,2046,rivet
/data/1_1_9_2_404.png,3599,1673,3633,1707,rivet
/data/1_1_9_2_404.png,3671,1670,3701,1704,rivet
/data/1_1_9_2_404.png,3580,1594,3616,1632,rivet
/data/1_1_9_2_404.png,3577,1521,3617,1556,rivet
/data/1_1_9_2_404.png,3577,1451,3615,1484,rivet
/data/1_1_9_2_404.png,3577,1378,3616,1414,rivet
/data/1_1_9_2_404.png,3582,1306,3613,1340,rivet
/data/1_1_9_2_404.png,3581,1237,3612,1270,rivet
/data/1_1_9_2_404.png,3583,1159,3610,1196,rivet
/data/1_1_9_2_404.png,3595,1087,3624,1119,rivet
/data/1_1_9_2_404.png,3516,1088,3551,1119,rivet
/data/1_1_9_2_404.png,3436,1091,3471,1126,rivet
/data/1_1_9_2_404.png,3362,1093,3395,1123,rivet
/data/1_1_9_2_404.png,3284,1093,3312,1125,rivet
/data/1_1_9_2_404.png,3670,1085,3702,1115,rivet
/data/1_1_9_2_404.png,3568,1006,3611,1038,rivet
/data/1_1_9_2_404.png,3562,927,3594,961,rivet
/data/1_1_9_2_404.png,3558,849,3586,885,rivet
/data/1_1_9_2_404.png,3545,778,3580,813,rivet
/data/1_1_9_2_404.png,3537,707,3569,743,rivet
/data/1_1_9_2_404.png,3523,634,3558,669,rivet
/data/1_1_9_2_404.png,3509,510,3544,547,rivet
/data/1_1_9_2_404.png,3584,515,3612,546,rivet
/data/1_1_9_2_404.png,3438,509,3470,545,rivet
/data/1_1_9_2_404.png,3362,513,3395,545,rivet
/data/1_1_9_2_404.png,3283,509,3320,541,rivet
/data/1_1_8_2_331.png,861,258,888,288,rivet
/data/1_1_8_2_331.png,974,236,1001,261,rivet
/data/1_1_8_2_331.png,1101,232,1141,258,rivet
/data/1_1_8_2_331.png,1232,228,1276,257,rivet
/data/1_1_8_2_331.png,1378,226,1405,246,rivet
/data/1_1_8_2_331.png,1519,219,1547,243,rivet
/data/1_1_8_2_331.png,1654,222,1682,243,rivet
/data/1_1_8_2_331.png,1789,216,1827,243,rivet
/data/1_1_8_2_331.png,1915,209,1970,239,rivet
/data/1_1_8_2_331.png,2070,209,2111,242,rivet
/data/1_1_8_2_331.png,849,327,877,354,rivet
/data/1_1_8_2_331.png,832,392,870,430,rivet
/data/1_1_8_2_331.png,827,469,857,501,rivet
/data/1_1_8_2_331.png,805,545,839,580,rivet
/data/1_1_8_2_331.png,797,661,834,696,rivet
/data/1_1_8_2_331.png,792,742,828,774,rivet
/data/1_1_8_2_331.png,784,812,816,847,rivet
/data/1_1_8_2_331.png,776,889,815,924,rivet
/data/1_1_8_2_331.png,772,965,804,1004,rivet
/data/1_1_8_2_331.png,770,1042,805,1081,rivet
/data/1_1_8_2_331.png,730,1132,769,1170,rivet
/data/1_1_8_2_331.png,805,1127,849,1172,rivet
/data/1_1_8_2_331.png,757,1218,792,1249,rivet
/data/1_1_8_2_331.png,758,1292,795,1324,rivet
/data/1_1_8_2_331.png,758,1358,793,1408,rivet
/data/1_1_8_2_331.png,757,1436,789,1476,rivet
/data/1_1_8_2_331.png,758,1514,796,1549,rivet
/data/1_1_8_2_331.png,759,1584,801,1624,rivet
/data/1_1_8_2_331.png,766,1658,805,1696,rivet
/data/1_1_8_2_331.png,750,1742,785,1780,rivet
/data/1_1_8_2_331.png,828,1745,868,1784,rivet
/data/1_1_8_2_331.png,781,1819,816,1854,rivet
/data/1_1_8_2_331.png,785,1893,827,1926,rivet
/data/1_1_8_2_331.png,793,1958,831,1997,rivet
/data/1_1_8_2_331.png,800,2027,832,2070,rivet
/data/1_1_8_2_331.png,809,2088,849,2127,rivet
/data/1_1_8_2_331.png,646,1134,684,1168,rivet
/data/1_1_8_2_331.png,669,1743,701,1789,rivet
/data/1_1_8_2_331.png,566,1130,607,1168,rivet
/data/1_1_8_2_331.png,477,1130,518,1170,rivet
/data/1_1_8_2_331.png,496,1743,538,1782,rivet
/data/1_1_8_2_331.png,574,1741,623,1782,rivet
/data/1_1_8_2_331.png,570,543,604,576,rivet
/data/1_1_8_2_331.png,645,542,685,584,rivet
/data/1_1_8_2_331.png,722,538,759,582,rivet
/data/1_1_8_2_331.png,877,541,914,574,rivet
/data/1_1_8_2_331.png,962,538,993,571,rivet
/data/1_1_8_2_331.png,1036,536,1069,573,rivet
/data/1_1_8_2_331.png,1114,537,1155,567,rivet
/data/1_1_8_2_331.png,1203,537,1231,568,rivet
/data/1_1_8_2_331.png,1281,533,1312,560,rivet
/data/1_1_8_2_331.png,1362,531,1398,563,rivet
/data/1_1_8_2_331.png,1444,530,1484,564,rivet
/data/1_1_8_2_331.png,1528,524,1562,562,rivet
/data/1_1_8_2_331.png,1610,524,1644,556,rivet
/data/1_1_8_2_331.png,1697,521,1731,554,rivet
/data/1_1_8_2_331.png,1784,519,1810,552,rivet
/data/1_1_8_2_331.png,1859,519,1897,555,rivet
/data/1_1_8_2_331.png,1942,515,1986,552,rivet
/data/1_1_8_2_331.png,2029,519,2063,552,rivet
/data/1_1_8_2_331.png,2116,519,2151,552,rivet
/data/1_1_8_2_331.png,2201,520,2230,552,rivet
/data/1_1_8_2_331.png,2216,815,2253,858,rivet
/data/1_1_8_2_331.png,2219,913,2255,945,rivet
/data/1_1_8_2_331.png,2220,1010,2251,1050,rivet
/data/1_1_8_2_331.png,2219,1112,2262,1149,rivet
/data/1_1_8_2_331.png,2217,1217,2261,1255,rivet
/data/1_1_8_2_331.png,2226,1323,2269,1362,rivet
/data/1_1_8_2_331.png,2226,1432,2262,1467,rivet
/data/1_1_8_2_331.png,2228,1537,2263,1568,rivet
/data/1_1_8_2_331.png,2226,1636,2261,1673,rivet
/data/1_1_8_2_331.png,2231,1739,2270,1770,rivet
/data/1_1_8_2_331.png,2230,1826,2266,1869,rivet
/data/1_1_8_2_331.png,2226,1933,2257,1962,rivet
/data/1_1_8_2_331.png,2219,2020,2262,2061,rivet
/data/1_1_8_2_331.png,2219,2110,2261,2148,rivet
/data/1_1_8_2_331.png,2113,1742,2149,1777,rivet
/data/1_1_8_2_331.png,2012,1738,2061,1776,rivet
/data/1_1_8_2_331.png,1931,1745,1975,1783,rivet
/data/1_1_8_2_331.png,1848,1748,1892,1780,rivet
/data/1_1_8_2_331.png,1764,1750,1801,1782,rivet
/data/1_1_8_2_331.png,1676,1751,1706,1777,rivet
/data/1_1_8_2_331.png,1588,1750,1630,1783,rivet
/data/1_1_8_2_331.png,1498,1749,1542,1782,rivet
/data/1_1_8_2_331.png,1406,1745,1456,1786,rivet
/data/1_1_8_2_331.png,1331,1745,1364,1782,rivet
/data/1_1_8_2_331.png,1251,1749,1285,1780,rivet
/data/1_1_8_2_331.png,1168,1746,1195,1777,rivet
/data/1_1_8_2_331.png,1078,1749,1112,1779,rivet
/data/1_1_8_2_331.png,997,1749,1036,1776,rivet
/data/1_1_8_2_331.png,912,1744,939,1780,rivet
/data/1_1_8_2_331.png,892,1131,929,1165,rivet
/data/1_1_8_2_331.png,974,1126,1009,1169,rivet
/data/1_1_8_2_331.png,1055,1133,1094,1167,rivet
/data/1_1_8_2_331.png,1141,1123,1184,1163,rivet
/data/1_1_8_2_331.png,1225,1126,1262,1164,rivet
/data/1_1_8_2_331.png,1304,1125,1342,1163,rivet
/data/1_1_8_2_331.png,1400,1130,1429,1161,rivet
/data/1_1_8_2_331.png,1480,1120,1523,1162,rivet
/data/1_1_8_2_331.png,1567,1123,1610,1163,rivet
/data/1_1_8_2_331.png,1653,1119,1694,1158,rivet
/data/1_1_8_2_331.png,1742,1120,1786,1160,rivet
/data/1_1_8_2_331.png,1828,1120,1878,1157,rivet
/data/1_1_8_2_331.png,1916,1118,1961,1158,rivet
/data/1_1_8_2_331.png,2010,1114,2049,1155,rivet
/data/1_1_8_2_331.png,2099,1114,2141,1149,rivet
/data/1_1_8_2_331.png,2215,212,2248,237,rivet
/data/1_1_8_2_331.png,2370,232,2401,260,rivet
/data/1_1_8_2_331.png,2374,296,2412,325,rivet
/data/1_1_8_2_331.png,2387,369,2421,396,rivet
/data/1_1_8_2_331.png,2384,439,2429,469,rivet
/data/1_1_8_2_331.png,2278,519,2318,550,rivet
/data/1_1_8_2_331.png,2362,522,2404,551,rivet
/data/1_1_8_2_331.png,2449,520,2488,551,rivet
/data/1_1_8_2_331.png,2405,635,2446,669,rivet
/data/1_1_8_2_331.png,2407,709,2447,748,rivet
/data/1_1_8_2_331.png,2415,782,2456,822,rivet
/data/1_1_8_2_331.png,2318,725,2368,764,rivet
/data/1_1_8_2_331.png,2328,816,2374,861,rivet
/data/1_1_8_2_331.png,2333,914,2369,944,rivet
/data/1_1_8_2_331.png,2408,861,2458,899,rivet
/data/1_1_8_2_331.png,2419,946,2458,980,rivet
/data/1_1_8_2_331.png,2430,1018,2461,1061,rivet
/data/1_1_8_2_331.png,2337,1014,2380,1048,rivet
/data/1_1_8_2_331.png,2307,1108,2350,1150,rivet
/data/1_1_8_2_331.png,2392,1111,2433,1146,rivet
/data/1_1_8_2_331.png,2481,1112,2518,1146,rivet
/data/1_1_8_2_331.png,2332,1219,2380,1259,rivet
/data/1_1_8_2_331.png,2424,1190,2466,1228,rivet
/data/1_1_8_2_331.png,2424,1268,2459,1306,rivet
/data/1_1_8_2_331.png,2339,1324,2381,1361,rivet
/data/1_1_8_2_331.png,2339,1427,2377,1468,rivet
/data/1_1_8_2_331.png,2427,1346,2462,1379,rivet
/data/1_1_8_2_331.png,2428,1420,2461,1454,rivet
/data/1_1_8_2_331.png,2518,1426,2554,1460,rivet
/data/1_1_8_2_331.png,2619,1419,2654,1456,rivet
/data/1_1_8_2_331.png,2621,1318,2653,1350,rivet
/data/1_1_8_2_331.png,2515,1321,2554,1354,rivet
/data/1_1_8_2_331.png,2515,1211,2554,1252,rivet
/data/1_1_8_2_331.png,2618,1215,2654,1250,rivet
/data/1_1_8_2_331.png,2693,1296,2732,1334,rivet
/data/1_1_8_2_331.png,2806,1381,2843,1418,rivet
/data/1_1_8_2_331.png,2758,1211,2797,1246,rivet
/data/1_1_8_2_331.png,2809,1104,2848,1142,rivet
/data/1_1_8_2_331.png,2726,1108,2768,1144,rivet
/data/1_1_8_2_331.png,2646,1106,2686,1144,rivet
/data/1_1_8_2_331.png,2563,1108,2602,1147,rivet
/data/1_1_8_2_331.png,2538,980,2577,1014,rivet
/data/1_1_8_2_331.png,2527,892,2571,930,rivet
/data/1_1_8_2_331.png,2656,895,2699,929,rivet
/data/1_1_8_2_331.png,2657,975,2704,1020,rivet
/data/1_1_8_2_331.png,2778,890,2820,933,rivet
/data/1_1_8_2_331.png,2785,975,2830,1019,rivet
/data/1_1_8_2_331.png,2531,517,2569,556,rivet
/data/1_1_8_2_331.png,2491,211,2521,238,rivet
/data/1_1_8_2_331.png,2625,219,2660,246,rivet
/data/1_1_8_2_331.png,2760,221,2796,247,rivet
/data/1_1_8_2_331.png,2606,517,2649,563,rivet
/data/1_1_8_2_331.png,2689,522,2732,563,rivet
/data/1_1_8_2_331.png,2772,526,2810,561,rivet
/data/1_1_8_2_331.png,2890,224,2923,246,rivet
/data/1_1_8_2_331.png,3016,226,3046,255,rivet
/data/1_1_8_2_331.png,3146,230,3181,262,rivet
/data/1_1_8_2_331.png,2847,525,2886,558,rivet
/data/1_1_8_2_331.png,2923,531,2961,561,rivet
/data/1_1_8_2_331.png,3013,528,3036,559,rivet
/data/1_1_8_2_331.png,3082,528,3121,559,rivet
/data/1_1_8_2_331.png,3160,532,3196,562,rivet
/data/1_1_8_2_331.png,3236,529,3268,562,rivet
/data/1_1_8_2_331.png,3311,530,3342,566,rivet
/data/1_1_8_2_331.png,3386,532,3418,564,rivet
/data/1_1_8_2_331.png,3456,530,3493,563,rivet
/data/1_1_8_2_331.png,2912,892,2944,926,rivet
/data/1_1_8_2_331.png,2909,978,2952,1016,rivet
/data/1_1_8_2_331.png,2896,1101,2934,1144,rivet
/data/1_1_8_2_331.png,2908,1288,2944,1314,rivet
/data/1_1_8_2_331.png,3046,1248,3073,1283,rivet
/data/1_1_8_2_331.png,2976,1104,3011,1136,rivet
/data/1_1_8_2_331.png,3030,895,3060,925,rivet
/data/1_1_8_2_331.png,3031,975,3071,1010,rivet
/data/1_1_8_2_331.png,3057,1099,3090,1139,rivet
/data/1_1_8_2_331.png,3150,897,3187,930,rivet
/data/1_1_8_2_331.png,3155,973,3191,1009,rivet
/data/1_1_8_2_331.png,3127,1106,3157,1141,rivet
/data/1_1_8_2_331.png,3211,1100,3246,1136,rivet
/data/1_1_8_2_331.png,3184,1242,3218,1279,rivet
/data/1_1_8_2_331.png,3289,1099,3317,1135,rivet
/data/1_1_8_2_331.png,3330,1240,3358,1276,rivet
/data/1_1_8_2_331.png,3472,1239,3504,1268,rivet
/data/1_1_8_2_331.png,3594,1264,3643,1307,rivet
/data/1_1_8_2_331.png,3701,1361,3733,1396,rivet
/data/1_1_8_2_331.png,3267,892,3298,925,rivet
/data/1_1_8_2_331.png,3270,975,3306,1007,rivet
/data/1_1_8_2_331.png,3380,895,3416,927,rivet
/data/1_1_8_2_331.png,3385,972,3428,1015,rivet
/data/1_1_8_2_331.png,3366,1098,3404,1139,rivet
/data/1_1_8_2_331.png,3431,1096,3471,1134,rivet
/data/1_1_8_2_331.png,3511,1099,3554,1135,rivet
/data/1_1_8_2_331.png,3508,970,3538,1007,rivet
/data/1_1_8_2_331.png,3497,889,3534,926,rivet
/data/1_1_8_2_331.png,3614,896,3647,928,rivet
/data/1_1_8_2_331.png,3609,970,3657,1011,rivet
/data/1_1_8_2_331.png,3594,1094,3626,1132,rivet
/data/1_1_8_2_331.png,3668,1099,3703,1133,rivet
/data/1_1_8_2_331.png,3711,1185,3747,1218,rivet
/data/1_1_8_2_331.png,3727,890,3763,923,rivet
/data/1_1_8_2_331.png,3732,970,3776,1002,rivet
/data/1_1_8_2_331.png,3743,1089,3781,1125,rivet
/data/1_1_8_2_331.png,3775,1268,3816,1305,rivet
/data/1_1_8_2_331.png,3739,1493,3774,1523,rivet
/data/1_1_8_2_331.png,3732,1595,3775,1625,rivet
/data/1_1_8_2_331.png,3509,1665,3537,1690,rivet
/data/1_1_8_2_331.png,3601,1661,3627,1688,rivet
/data/1_1_8_2_331.png,3500,1775,3530,1804,rivet
/data/1_1_8_2_331.png,3591,1774,3619,1801,rivet
/data/1_1_8_2_331.png,2343,1536,2377,1571,rivet
/data/1_1_8_2_331.png,2419,1496,2458,1530,rivet
/data/1_1_8_2_331.png,2512,1525,2553,1561,rivet
/data/1_1_8_2_331.png,2603,1524,2654,1560,rivet
/data/1_1_8_2_331.png,2760,1526,2804,1560,rivet
/data/1_1_8_2_331.png,2757,1618,2797,1665,rivet
/data/1_1_8_2_331.png,2754,1708,2793,1748,rivet
/data/1_1_8_2_331.png,2752,1820,2784,1858,rivet
/data/1_1_8_2_331.png,2892,1617,2925,1647,rivet
/data/1_1_8_2_331.png,2891,1698,2918,1733,rivet
/data/1_1_8_2_331.png,2891,1795,2917,1826,rivet
/data/1_1_8_2_331.png,2883,1874,2912,1902,rivet
/data/1_1_8_2_331.png,2746,1922,2779,1951,rivet
/data/1_1_8_2_331.png,2769,2061,2804,2086,rivet
/data/1_1_8_2_331.png,2618,1626,2653,1659,rivet
/data/1_1_8_2_331.png,2422,1572,2461,1606,rivet
/data/1_1_8_2_331.png,2335,1639,2379,1668,rivet
/data/1_1_8_2_331.png,2427,1649,2454,1680,rivet
/data/1_1_8_2_331.png,2518,1629,2554,1663,rivet
/data/1_1_8_2_331.png,2337,1732,2366,1767,rivet
/data/1_1_8_2_331.png,2432,1726,2468,1762,rivet
/data/1_1_8_2_331.png,2538,1723,2572,1756,rivet
/data/1_1_8_2_331.png,2632,1720,2668,1751,rivet
/data/1_1_8_2_331.png,2612,1823,2640,1854,rivet
/data/1_1_8_2_331.png,2513,1833,2546,1858,rivet
/data/1_1_8_2_331.png,2421,1814,2452,1842,rivet
/data/1_1_8_2_331.png,2342,1833,2373,1862,rivet
/data/1_1_8_2_331.png,2338,1928,2372,1962,rivet
/data/1_1_8_2_331.png,2413,1887,2455,1916,rivet
/data/1_1_8_2_331.png,2411,1947,2447,1989,rivet
/data/1_1_8_2_331.png,2506,1917,2543,1959,rivet
/data/1_1_8_2_331.png,2609,1919,2641,1951,rivet
/data/1_1_8_2_331.png,2604,2011,2638,2042,rivet
/data/1_1_8_2_331.png,2501,2018,2541,2044,rivet
/data/1_1_8_2_331.png,2411,2019,2445,2047,rivet
/data/1_1_8_2_331.png,2334,2021,2370,2050,rivet
/data/1_1_8_2_331.png,2334,2109,2366,2139,rivet
/data/1_1_8_2_331.png,2404,2081,2450,2117,rivet
/data/1_1_8_2_331.png,2500,2106,2531,2137,rivet
/data/1_1_8_2_331.png,2594,2099,2646,2132,rivet
/data/1_1_8_2_331.png,2667,2120,2711,2152,rivet
